Ind. No.,C/R,Sex,Status,Error,Age-mat.,Age-total,Age-final,Habitat,Date,Month,Year,Time of day,Behaviour,BM,SH,SCL,MCW,MaxCW,MPL,MaxPL,AbSL,AnSL,ANW,BL_L,BL_R,Scars / Damages,Ticks,Notes ,,,,,,,,,,,,
,,,,,,,,,,,,,,,,,,,,,,,,,,,,,,,,,,,,,,,,
1,C,M,Immature,NO,,8,,NA,21/04/2019,April,2019,13:00-15:00,,347,NA,113,NA,NA,,,,,,,,,,,,,,,,,,,,,,
2,C,M,Immature,NO,,10,,NA,21/04/2019,April,2019,13:00-15:00,,448,NA,123,101,104,,,,,,,,,,,,,,,,,,,,,,
3,C,F,Adult,NO,,10.-11.,11,Degraded forest,21/04/2019,April,2019,13:00-15:00,,1439,NA,192,138,149,,,,,,,,,,,,,,,,,,,,,,
3,R,F,Adult,NO,11,12,12,Degraded forest,24/06/2021,June,2021,08:58:22,Resting in shade,1639,98,200,143,154,,,,,,,,,11,11 ticks of which 4 big,,,,,,,,,,,,
4,C,M,Adult,NO,,,,NA,21/04/2019,April,2019,13:00-15:00,,862, NA,164,123,131,,,,,,,,no 90 & 100 damaged,,,,,,,,,,,,,,44
5,C,M,Adult,NO,,11.-12.,,NA,21/04/2019,April,2019,13:00-15:00,,NA,NA,154,122,125,,,,,,,,,,,,,,,,,,,,,,126
6,C,F,Adult,NO,,,,Degraded forest,21/04/2019,April,2019,13:00-15:00,,2063,NA,222,156,168,,,,,,,,,,,,,,,,,,,,,,172
6,R,F,Adult,NO,,15-25,,Degraded forest,07/05/2021,May,2021,16:00:36,Resting in shade,1975,106,215,156,168,,,,,,,,,0,"1st vertebral starlike, 6 vertebral, 2&3rd are asymmetrical",,,,,,,,,,,,172
7,C,F,Immature,NO,,,,NA,21/04/2019,April,2019,13:00-15:00,,415,NA,121,93,95,,,,,,,,left side of carapace damaged,,,,,,,,,,,,,,466
8,C,M,Immature,NO,,,,NA,21/04/2019,April,2019,13:00-15:00,,827,NA,141,121,136,,,,,,,,,yes,,,,,,,,,,,,,467
9,C,F,Adult,NO,,,,NA,05/10/2019,May,2019,15:00-15:30,,1039,82,160,132,137,,,,,,,,,,,,,,,,,,,,,,467
10,C,M,Adult,NO,10,10,,NA,05/10/2019,May,2019,16:00-16:30,,688,73,146,145,122,,,,,,,,,,,,,,,,,,,,,,468
11,C,F,Adult,NO,,,,Meadow,05/10/2019,May,2019,16:30-17:00,,1324,88,174,138,138,,,,,,,,,,,,,,,,,,,,,,468
11,R,F,Adult,NO,,15-25,,Meadow,01/05/2021,May,2021,17:23:13,Burrowed,1240,86,175,139,139,,,,,,,,,0,no nuchal scut,,,,,,,,,,,,
11,R,F,Adult,NO,,15-25,,Degraded forest,10/05/2021,May,2021,16:07:09,Moving,1214,88,176,139,139,,,,,,,,,4,Nuchal not visible from above.,,,,,,,,,,,,
11,R,F,Adult,NO,,15-25,,Meadow,23/05/2021,May,2021,18:43:10,Mating,1239,88,174,139,139,,,,,,,,,0,Nuchal not visible from above. Found mating with 310.,,,,,,,,,,,,
12,C,M,Immature,NO,,,,NA,05/10/2019,May,2019,16:30-17:00,,806,75,153,124,128,,,,,,,,,,11 m L & R narrow,,,,,,,,,,,,
13,C,F,Adult,NO,,,,Degraded forest,05/10/2019,May,2019,16:30-17:00,,1733,99,195,148,150,,,,,,,,,,,,,,,,,,,,,,
13,R,F,Adult,NO,,15-25,,Degraded forest,01/05/2021,May,2021,14:45:11,Resting in shade,1700,99,198,150,151,,,,,,,,,0,9 & 10 L marginals damaged,,,,,,,,,,,,
14,C,M,Adult,NO,,,,Degraded forest,05/10/2019,May,2019,16:30-17:00,,1095,85,172,132,137,,,,,,,,,,,,,,,,,,,,,,
14,R,M,Adult,NO,10,14,,Degraded forest,05/08/2020,May,2020,13:36,Resting in shade,1086,NA,172,NA,NA,,,,,,,,"II, III m R; Carapace ",0,,,,,,,,,,,,,
15,C,F,Adult,NO,,,,NA,05/10/2019,May,2019,16:30-17:00,,1108,87,168,128,130,,,,,,,,,,,,,,,,,,,,,,
16,C,M,Adult,NO,13,16,16,Degraded forest,13/06/2019,June,2019,10:00-10:30,,943,81,160,130,137,,,,,,,,,,,,,,,,,,,,,,
16,R,M,Adult,NO,13,18,18,Degraded forest,22/05/2021,May,2021,13:57:33,Moving,989,83,163,132,139,,,,,,,,,0,,,,,,,,,,,,,
17,C,F,Immature,NO,,8.-9.,,NA,24/05/2019,May,2019,10:00-10:30,,543,67,127,102,103,,,,,,,,,,,,,,,,,,,,,,
18,C,M,Adult,NO,,14,, NA,24/05/2019,May,2019,10:00-10:30,,716,72,152,118,122,,,,,,,,,,,,,,,,,,,,,,
19,C,F,Adult,NO,,15,,NA,24/05/2019,May,2019,10:00-10:30,,1295,90,184,133,138,,,,,,,,,,,,,,,,,,,,,,
20,C,F,Adult,NO,11,14,,NA,24/05/2019,May,2019,10:00-10:30,,1234,88,182,129,136,,,,,,,,,,,,,,,,,,,,,,
21,C,M,Adult,NO,12,16,,NA,24/05/2019,May,2019,10:00-10:30,,1038,84,173,135,140,,,,,,,,,,,,,,,,,,,,,,
22,C,M,Adult,NO,,,,Pine forest,24/05/2019,May,2019,10:00-10:30,,1170,90,180,136,143,,,,,,,,,,,,,,,,,,,,,,
22,R,M,Adult,NO,,,,Pine forest,08/08/2019,August,2019,08:15,,1245,89,176,135,147,,,,,,,,marginals and plastron damaged,1,,,,,,,,,,,,,
22,R,M,Adult,NO,,15-25,,Degraded forest,30/04/2021,April,2021,13:59:58,Resting in shade,1060,91,181,136,146,,,,,,,,,0,star-shaped 1 vertebral,,,,,,,,,,,,
24,C,F,Adult,NO,12,15,,NA,24/05/2019,May,2019,10:00-10:30,,1506,95,187,142,143,,,,,,,,,,,,,,,,,,,,,,
25,C,M,Immature,NO,,8.-9.,,NA,24/05/2019,May,2019,10:00-10:30,,356,58,115,90,87,,,,,,,,,,,,,,,,,,,,,,
26,C,M,Adult,NO,,15,,NA,24/05/2019,May,2019,10:00-10:30,,840,75,158,130,127,,,,,,,,VII - X m L damaged,,,,,,,,,,,,,,
27,C,M,Immature,NO,,9,,NA,24/05/2019,May,2019,10:00-10:30,,438,68,121,96,99,,,,,,,,,,,,,,,,,,,,,,
28,C,F,Adult,NO,,10,,Meadow,24/05/2019,May,2019,10:00-10:30,,1335,91,184,132,136,,,,,,,,,,,,,,,,,,,,,,
28,R,F,Adult,NO,10,15,13,Meadow,24/06/2021,June,2021,08:24:09,Basking,1102,86,164,130,132,,,,,,,,,4,Circular shape between 5 vertebral and supracaudal.,,,,,,,,,,,,
29,C,F,Adult,NO,,10.-11.,,NA,24/05/2019,May,2019,10:00-10:30,,1317,94,179,134,139,,,,,,,,,,,,,,,,,,,,,,
30,C,F,Adult,NO,,15,,NA,24/05/2019,May,2019,10:30-11:00,,1650,101,197,148,150,,,,,,,,,,,,,,,,,,,,,,
31,C,F,Adult,NO,,11.-12.,,NA,24/05/2019,May,2019,10:30-11:00,,1246,95,185,133,135,,,,,,,,,,12 m L & R,,,,,,,,,,,,
32,C,F,Adult,NO,,11,12,Degraded forest,24/05/2019,May,2019,10:30-11:00,,1187,87,170,130,135,,,,,,,,,,,,,,,,,,,,,,
32,R,F,Adult,NO,13,16,14,Degraded forest,30/04/2021,April,2021,13:39:47,Resting in shade,1135,88,172,133,138,,,,,,,,,0,mistakenly marked on 9L marginal,,,,,,,,,,,,
33,C,F,Adult,NO,12,16,,NA,24/05/2019,May,2019,10:30-11:00,,1240,89,174,133,134,,,,,,,,,,,,,,,,,,,,,,
34,C,F,Adult,NO,,11.-12.,,NA,24/05/2019,May,2019,11:30-12:00,nesting,1229,92,176,137,136,,,,,,,,,,5 eggs; Photo,,,,,,,,,,,,
35,C,F,Adult,NO,,13,,NA,24/05/2019,May,2019,11:30-12:00,,1292,90,186,137,146,,,,,,,,,,,,,,,,,,,,,,
36,C,M,Adult,NO,,13.-14.,,NA,24/05/2019,May,2019,11:30-12:00,,817,81,156,121,123,,,,,,,,damaged carapace,,,,,,,,,,,,,,
37,C,F,Adult,NO,12,14,,NA,24/05/2019,May,2019,11:30-12:00,,1425,99,195,143,145,,,,,,,,,,,,,,,,,,,,,,
38,C,F,Adult,NO,,10,,NA,24/05/2019,May,2019,11:30-12:00,,623,72,136,109,107,,,,,,,,,,,,,,,,,,,,,,
39,C,F,Immature,NO,,9,, NA,24/05/2019,May,2019,11:30-12:00,,777,75,148,117,119,,,,,,,,,,,,,,,,,,,,,,
40,C,F,Adult,NO,,,,Degraded forest,24/05/2019,May,2019,11:30-12:00,,1334,90,180,144,145,,,,,,,,damaged carapace,,,,,,,,,,,,,,
40,R,F,Adult,NO,,"15-25, >25",,Degraded forest,29/04/2021,April,2021,13:51:10,Resting in shade,1317,90,180,145,146,,,,,,,,10 m L,,"2nd vertebral damaged, 8 R marginal right mistakenly marked",,,,,,,,,,,,
41,C,NA,Immature,NO,,5,,NA,24/05/2019,May,2019,11:30-12:00,,132,40,81,70,70,,,,,,,,,,10 m L & R,,,,,,,,,,,,
42,C,NA,Immature,NO,,3,, NA,24/05/2019,May,2019,11:30-12:00,,43,28,54,51,50,,,,,,,,,,,,,,,,,,,,,,
43,C,NA,Immature,NO,,6,,NA,24/05/2019,May,2019,11:30-12:00,,129,40,84,67,64,,,,,,,,,,IV v. scale small,,,,,,,,,,,,
44,C,F,Adult,NO,12,13,,Pine forest,24/05/2019,May,2019,12:00-12:30,,1367,95,182,138,139,,,,,,,,,,"6 v. scales, asymmetrical; doubled no.? Hermaphrodite?",,,,,,,,,,,,
44,R,M,Adult,NO,12,19,,Pine forest,12/05/2021,May,2021,15:45:19,Basking,881,88,161,135,140,,,,,,,,,0,doubled no.? Hermaphrodite?,,,,,,,,,,,,
45,C,M,Adult,NO,,10,,NA,24/05/2019,May,2019,12:00-12:30,,582,70,142,111,113,,,,,,,,damaged vertebrals,,,,,,,,,,,,,,
46,C,F,Adult,NO,,11,,NA,24/05/2019,May,2019,12:00-12:30,,1241,89,177,134,136,,,,,,,,,,,,,,,,,,,,,,
47,C,F,Adult,NO,,,,NA,24/05/2019,May,2019,12:00-12:30,,1969,108,201,157,161,,,,,,,,damaged right bridge,,,,,,,,,,,,,,
48,C,F,Adult,NO,,10,,Degraded forest,24/05/2019,May,2019,12:30-13:00,,825,80,148,115,119,,,,,,,,,,,,,,,,,,,,,,
48,R,F,Adult,NO,,15-25,,Degraded forest,10/06/2021,June,2021,11:26:00,Moving,1385,91,182,144,147,,,,,,,,,0,can not be found in database (maybe 49),,,,,,,,,,,,
48,R,F,Adult,NO,,15-25,,Degraded forest,21/06/2021,June,2021,18:59:17,Resting in shade,1430,91,183,143,146,,,,,,,,Carapace,7,Damaged carapace,,,,,,,,,,,,
49,C,F,Adult,NO,,14,,Degraded forest,24/05/2019,May,2019,12:30-13:00,,1669,97,193,150,154,,,,,,,,,,,,,,,,,,,,,,
49,R,F,Adult,NO,10,13,,Degraded forest,30/04/2021,April,2021,13:51:35,Resting in shade,1631,99,195,153,158,,,,,,,,,0,,,,,,,,,,,,,
50,C,F,Adult,NO,,13,,NA,24/05/2019,May,2019,12:30-13:00,,1144,90,175,131,134,,,,,,,,,,,,,,,,,,,,,,
51,C,M,Adult,NO,,10,,NA,24/05/2019,May,2019,12:30-13:00,,569,68,138,107,115,,,,,,,,,,,,,,,,,,,,,,
52,C,F,Adult,NO,,12,,Degraded forest,24/05/2019,May,2019,12:30-13:00,,1179,90,177,130,141,,,,,,,,,,,,,,,,,,,,,,
52,R,F,Adult,NO,13,14,,Degraded forest,10/06/2021,June,2021,09:54:22,Basking,1304,92,184,133,142,,,,,,,,,0,2 R marginal demaged ,,,,,,,,,,,,
53,C,F,Adult,NO,,,,Meadow,24/05/2019,May,2019,12:30-13:00,,1303,93,190,137,145,,,,,,,,,,,,,,,,,,,,,,
53,R,F,Adult,NO,,15-25,,Meadow,10/06/2021,June,2021,10:10:40,Resting in shade,1407,94,188,136,144,,,,,,,,,5,,,,,,,,,,,,,
54,C,M,Adult,NO,,,,NA,24/05/2019,May,2019,12:30-13:00,,998,82,172,133,139,,,,,,,,X m R broken,,,,,,,,,,,,,,
55,C,M,Adult,NO,,13,13,Degraded forest,24/05/2019,May,2019,12:30-13:00,,766,77,150,121,126,,,,,,,,,,,,,,,,,,,,,,
55,R,M,Adult,NO,10,13,15,Degraded forest,29/04/2021,April,2021,14:53:40,Resting in shade,712,80,153,123,128,,,,,,,,,0,,,,,,,,,,,,,
56,C,F,Adult,NO,,12,,NA,24/05/2019,May,2019,12:30-13:00,,1147,92,171,125,127,,,,,,,,,,,,,,,,,,,,,,
57,C,F,Adult,NO,,10,,NA,24/05/2019,May,2019,12:30-13:00,,775,79,146,114,116,,,,,,,,,,,,,,,,,,,,,,
58,C,M,Adult,NO,,11,,NA,24/05/2019,May,2019,13:00-13:30,,735,76,139,118,116,,,,,,,,broken nuhale & I m R,,,,,,,,,,,,,,
59,C,M,Adult,NO,,17.-18.,,NA,24/05/2019,May,2019,13:30-14:00,,818,79,152,128,128,,,,,,,,,,,,,,,,,,,,,,
60,C,F,Adult,NO,14,17,,NA,24/05/2019,May,2019,13:30-14:00,,1545,95,191,145,150,,,,,,,,,,,,,,,,,,,,,,
62,C,M,Adult,NO,,,,NA,13/06/2019,June,2019,07:30-08:00,,1208,93,178,137,147,,,,,,,,,,IV & V m R almost merged,,,,,,,,,,,,
63,C,F,Adult,NO,13,16,,Opening+Pine forest,13/06/2019,June,2019,07:30-08:00,,1340,94,179,137,144,,,,,,,,,,,,,,,,,,,,,,
63,R,F,Adult,NO,12,16,,Opening+Pine forest,30/04/2021,April,2021,15:20:02,Mating,1316,91,181,139,145,,,,,,,,,0,1st vertebral star like,,,,,,,,,,,,
64,C,M,Adult,NO,13,16,,NA,13/06/2019,June,2019,07:30-08:00,,1007,86,161,133,132,,,,,,,,IX & X m L&R broken & I m R,,,,,,,,,,,,,,
65,C,F,Adult,NO,,,,Pine forest,13/06/2019,June,2019,07:30-08:00,,1490,98,184,143,144,,,,,,,,,,,,,,,,,,,,,,
65,R,F,Adult,NO,,15-25,,Pine forest,12/05/2021,May,2021,15:52:44,Basking,1500,100,186,143,144,,,,,,,,,0,,,,,,,,,,,,,
66,C,M,Adult,NO,,,,NA,13/06/2019,June,2019,08:00-08:30,,1252,97,180,141,151,,,,,,,,,,,,,,,,,,,,,,
67,C,F,Adult,NO,,,,Degraded forest,13/06/2019,June,2019,08:30-09:00,,1430,96,181,142,144,,,,,,,,,,vertebrals asymmetrical,,,,,,,,,,,,
67,R,F,Adult,NO,12,18,,Degraded forest,11/05/2021,May,2021,11:56:36,Moving,1381,97,182,144,142,,,,,,,,Supracaudal,17,"7 vertebral, 3-6 asymmetric. Nuchal not visible from above. Supracaudal damaged.",,,,,,,,,,,,
68,C,F,Immature,NO,,,,NA,13/06/2019,June,2019,08:30-09:00,,905,81,152,118,125,,,,,,,,,,,,,,,,,,,,,,
69,C,F,Adult,NO,13,14,,Degraded forest+Pine forest,13/06/2019,June,2019,09:00-09:30,,1357,91,178,136,137,,,,,,,,,,,,,,,,,,,,,,
69,R,F,Adult,NO,13,15,16,Degraded forest+Pine forest,11/05/2021,May,2021,17:14:50,Resting in shade,1308,92,181,136,139,,,,,,,,,,8R marginal narrow. 1 L&R marginal & nuchal look like triangles.,,,,,,,,,,,,
70,C,M,Immature,NO,,8.-9.,,NA,13/06/2019,June,2019,09:00-09:30,,646,74,137,111,119,,,,,,,,,,,,,,,,,,,,,,
71,C,M,Immature,NO,,7,,Pine forest,13/06/2019,June,2019,09:00-09:30,,415,64,118,97,101,,,,,,,,,,,,,,,,,,,,,,
71,R,M,Immature,NO,,"8, 9",,Pine forest,09/05/2021,May,2021,16:04:17,Moving,593,73,140,112,120,,,,,,,,,0,,,,,,,,,,,,,
72,C,M,Immature,NO,,8.-9.,,Pine forest,13/06/2019,June,2019,09:00-09:30,,372,60,113,94,97,,,,,,,,,,,,,,,,,,,,,,
72,R,M,Adult,NO,,10,,Pine forest,09/05/2021,May,2021,16:13:14,Moving,495,70,131,106,112,,,,,,,,,0,,,,,,,,,,,,,
73,C,M,Adult,NO,,,,Pine forest,13/06/2019,June,2019,09:00-09:30,,1411,98,188,143,155,,,,,,,,,1,,,,,,,,,,,,,
73,R,M,Adult,NO,,15-25,,Pine forest,09/05/2021,May,2021,15:54:15,Moving,1348,95,190,145,156,,,,,,,,,0,yellowish shell,,,,,,,,,,,,
74,C,F,Adult,NO,,,,NA,13/06/2019,June,2019,09:30-10:00,,1552,103,197,146,147,,,,,,,,,,5 c R,,,,,,,,,,,,
75,C,M,Adult,NO,,11,,NA,13/06/2019,June,2019,09:30-10:00,,840,82,154,123,127,,,,,,,,,,,,,,,,,,,,,,
76,C,F,Adult,NO,,,,Degraded forest,13/06/2019,June,2019,09:30-10:00,,1662,96,197,152,155,,,,,,,,damaged carapace,,,,,,,,,,,,,,
76,R,F,Adult,NO,,15-25,,Degraded forest,09/05/2021,May,2021,12:13:21,Moving,1509,93,194,152,155,,,,,,,,,0,,,,,,,,,,,,,
77,C,F,Adult,NO,,10,,Degraded forest,13/06/2019,June,2019,09:30-10:00,,1573,94,173,131,138,,,,,,,,damaged carapace,,,,,,,,,,,,,,
77,R,F,Adult,NO,,15-25,,Degraded forest,22/06/2021,June,2021,12:25:53,Basking,1613,96,191,149,150,,,,,,,,"Supracaudal, Carapace",17,,,,,,,,,,,,,
78,C,F,Adult,NO,,,,NA,13/06/2019,June,2019,09:30-10:00,,1306,96,189,147,150,,,,,,,,supracaudal damaged,,,,,,,,,,,,,,
79,C,M,Adult,NO,13,15,,NA,13/06/2019,June,2019,10:00-10:30,,974,82,158,124,131,,,,,,,,"marginals damaged, 9&10 m R broken",,,,,,,,,,,,,,
80,C,NA,Immature,NO,,8,,NA,13/06/2019,June,2019,10:00-10:30,,224,52,92,80,80,,,,,,,,,,,,,,,,,,,,,,
81,C,F,Adult,NO,11,14,15,Pine forest,13/06/2019,June,2019,10:00-10:30,,1501,99,197,140,147,,,,,,,,,,,,,,,,,,,,,,
81,R,F,Adult,NO,11,18,17,Pine forest,12/05/2021,May,2021,15:36:40,Resting in shade,1369,98,200,140,147,,,,,,,,,3,Age count was incorrect 2 yrs ago,,,,,,,,,,,,
81,R,F,Adult,NO,11,17,17,Road,23/06/2021,June,2021,10:16:49,Moving,1417,98,200,141,148,,,,,,,,,0,additional vertebral between first and second - 6 vertebrals,,,,,,,,,,,,
82,C,F,Adult,NO,12,13,12,Degraded forest,13/06/2019,June,2019,10:00-10:30,,1835,106,203,151,155,,,,,,,,,1,,,,,,,,,,,,,
82,R,F,Adult,NO,10,12,12,Degraded forest,08/08/2019,August,2019,09:06,,1820,102,200,153,153,,,,,,,,,,,,,,,,,,,,,,
83,C,M,Adult,NO,,11,,NA,13/06/2019,June,2019,10:00-10:30,,811,82,149,NA,125,,,,,,,,,,,,,,,,,,,,,,
84,C,M,Adult,NO,,15,,NA,13/06/2019,June,2019,10:30-11:00,,1002,84,170,138,142,,,,,,,,,,,,,,,,,,,,,,
85,C,F,Adult,NO,,12,,NA,13/06/2019,June,2019,10:30-11:00,,1757,99,204,145,147,,,,,,,,,2,,,,,,,,,,,,,
86,C,F,Adult,NO,,19,,Degraded forest,13/06/2019,June,2019,11:30-12:00,,1830,105,207,151,154,,,,,,,,,,1&2 m R almost merged,,,,,,,,,,,,
86,R,F,Adult,NO,,15-25,,Degraded forest,22/06/2021,June,2021,09:38:58,Moving,1789,104,211,154,155,,,,,,,,,6,smooth shell,,,,,,,,,,,,
87,C,F,Adult,NO,,13,,NA,13/06/2019,June,2019,12:00-12:30,,1576,103,190,146,152,,,,,,,,,,,,,,,,,,,,,,
88,C,F,Adult,NO,12,15,,Degraded forest,06/07/2019,June,2019,08:30-09:00,,956,84,160,121,124,,,,,,,,,,,,,,,,,,,,,,
88,R,F,Adult,NO,10,10,,Degraded forest,08/08/2019,August,2019,09:24,,912,NA,NA,NA,NA,,,,,,,,,,,,,,,,,,,,,,
88,R,F,Adult,NO,,12,,Degraded forest,09/05/2021,May,2021,13:54:52,Resting in shade,943,84,162,122,126,,,,,,,,,0,,,,,,,,,,,,,
89,C,M,Adult,NO,,19,,NA,06/07/2019,June,2019,08:30-09:00,,882,84,159,125,133,,,,,,,,,,,,,,,,,,,,,,
90,C,M,Adult,NO,,16,,Degraded forest,06/07/2019,June,2019,09:00-09:30,,768,73,151,118,124,,,,,,,,,,,,,,,,,,,,,,
90,R,M,Adult,NO,,15-25,,Degraded forest,11/05/2021,May,2021,11:45:41,Moving,944,87,161,133,142,,,,,,,,Marginals,16,"20 yo, 2 yrs ago incorrectly 16 yo. 9, 10, 11 L marginal damaged.",,,,,,,,,,,,
90,R,M,Adult,NO,,15-25,,Degraded forest,17/05/2021,May,2021,15:14:27,Resting in shade,888,87,161,133,142,,,,,,,,,7,,,,,,,,,,,,,
91,C,M,Adult,NO,,11,,Degraded forest+Pine forest,06/07/2019,June,2019,09:30-10:00,,1128,87,174,142,149,,,,,,,,,,,,,,,,,,,,,,
91,R,M,Adult,NO,,15-25,,Degraded forest+Pine forest,22/05/2021,May,2021,14:59:34,Burrowed,1125,88,177,142,149,,,,,,,,,0,,,,,,,,,,,,,
92,C,F,Adult,NO,,14,,NA,06/07/2019,June,2019,10:00-10:30,,1318,89,187,130,136,,,,,,,,,,,,,,,,,,,,,,
93,C,M,Adult,NO,,11,,Degraded forest,06/07/2019,June,2019,10:00-10:30,,1383,95,190,138,152,,,,,,,,,,,,,,,,,,,,,,
93,R,M,Adult,NO,,15-25,,Road,20/08/2020,August,2020,11:05,Feeding,1318,93,187,138,152,,,,,,,,Marginals,0,yellow smooth shell,,,,,,,,,,,,
93,R,M,Adult,NO,,15-25,,Degraded forest,23/05/2021,May,2021,17:17:53,Moving,1347,93,191,138,152,,,,,,,,,4,,,,,,,,,,,,,
94,C,M,Adult,NO,,11,,NA,06/07/2019,June,2019,10:30-11:00,,560,67,131,106,108,,,,,,,,,,,,,,,,,,,,,,
95,C,F,Adult,NO,,17,,NA,06/07/2019,June,2019,11:00-11:30,,1297,89,182,134,136,,,,,,,,,,,,,,,,,,,,,,
96,C,F,Adult,NO,,,,Meadow,08/08/2019,August,2019,07:26,,1756,102,199,149,145,,,,,,,,,,,,,,,,,,,,,,
96,R,F,Adult,NO,10,13,,Degraded forest,07/05/2021,May,2021,16:22:30,Resting in shade,1776,102,200,150,147,,,,,,,,,8,"1,2&3 vertebral asymmetrical, nuchal shortened",,,,,,,,,,,,
97,C,M,Adult,NO,,,,Meadow,08/08/2019,August,2019,07:25,,1182,90,180,134,147,,,,,,,,,,,,,,,,,,,,,,
98,C,M,Adult,NO,10,,,Degraded forest,08/08/2019,August,2019,09:10,,907,86,160,131,142,,,,,,,,,,,,,,,,,,,,,,
99,C,M,Adult,NO,10,10,,Degraded forest,08/08/2019,August,2019,09:20,,809,79,159,123,131,,,,,,,,,10,,,,,,,,,,,,,
100,C,F,Adult,NO,,10,10,Meadow,29/04/2020,April,2020,13:23,Mating,1097,87,172,122,134,,,,,,,,,0,,,,,,,,,,,,,
100,R,F,Adult,NO,,11,11,Degraded forest,10/05/2021,May,2021,10:58:28,Basking,1250,93,185,130,143,,,,,,,,,0,,,,,,,,,,,,,
101,C,M,Adult,NO,,10.-11.,11,Meadow,29/04/2020,April,2020,13:27,Mating,876,78,163,126,129,,,,,,,,,0,"Left, Costals, Extra scale",,,,,,,,,,,,
101,R,M,Adult,NO,10,12,12,Degraded forest,06/05/2021,May,2021,13:08:44,Resting in shade,885,81,169,129,134,,,,,,,,,0,6 vertebrals,,,,,,,,,,,,
102,C,M,Adult,NO,,11,,Meadow,29/04/2020,April,2020,13:37,Resting in shade,614,72,139,109,113,,,,,,,,"1mL&R, 10mR, 11mR",0,,,,,,,,,,,,,
103,C,M,Adult,NO,10,11,,Degraded forest,05/08/2020,May,2020,12:12,Resting in shade,955,84,159,126,133,,,,,,,,,0,,,,,,,,,,,,,
104,C,F,Adult,NO,,15-25,,Degraded forest,05/08/2020,May,2020,13:41,Burrowed,1404,93,180,141,140,,,,,,,,"II, III m R",0,,,,,,,,,,,,,
104,R,F,Adult,NO,,15-25,,Degraded forest,03/06/2021,June,2021,12:28:11,Resting in shade,1347,93,181,139,140,,,,,,,,,15,,,,,,,,,,,,,
105,C,F,Adult,NO,,>25,,Degraded forest,05/08/2020,May,2020,13:47,Burrowed,1755,103,205,155,160,,,,,,,,,0,,,,,,,,,,,,,
105,R,F,Adult,NO,,>25,,Degraded forest,10/05/2021,May,2021,16:01:32,Burrowed,1785,100,205,155,160,,,,,,,,,0,Last SH measurement might've been incorrect. 3 4 & 5 L marginal quite damaged.,,,,,,,,,,,,
105,R,F,Adult,NO,,15-25,,Meadow,26/05/2021,May,2021,12:45:21,Feeding,1903,101,204,155,160,,,,,,,,,15,3-5 L marginal brocken,,,,,,,,,,,,
106,C,M,Adult,NO,13,17,15-20,Meadow,06/10/2020,June,2020,16:22,Resting in shade,1026,90,163,132,139,,,,,,,,,0,,,,,,,,,,,,,
106,R,M,Adult,NO,10,15,15-20,Degraded forest,07/05/2021,May,2021,16:14:05,Resting in shade,950,84,164,132,139,,,,,,,,,0,,,,,,,,,,,,,
106,R,M,Adult,NO,10,16,15-20,Meadow,23/06/2021,June,2021,09:20:04,Basking,1037,86,165,131,140,,,,,,,,,45,,,,,,,,,,,,,
107,C,M,Adult,NO,10,10,10,Opening,06/10/2020,June,2020,16:54,Resting in shade,600,74,135,105,113,,,,,,,,IX mR,0,,,,,,,,,,,,,
107,R,M,Adult,NO,,11,11,Degraded forest,07/05/2021,May,2021,15:40:17,Resting in shade,630,78,142,110,118,,,,,,,,,0,,,,,,,,,,,,,
108,C,F,Adult,NO,12,>25,,Opening,06/10/2020,June,2020,17:12,Resting in shade,2300,119,219,167,168,,,,,,,,,0,,,,,,,,,,,,,
108,R,F,Adult,NO,,"15-25, >25",,Degraded forest,23/06/2021,June,2021,11:53:14,Mating,2226,116,221,165,167,,,,,,,,,10,Mating w M 200,,,,,,,,,,,,
109,C,M,Adult,NO,11,15,15,Opening,06/10/2020,June,2020,17:23,Resting in shade,847,80,151,120,127,,,,,,,,Carapace,0,,,,,,,,,,,,,
109,R,M,Adult,NO,11,17,16,Road,07/05/2021,May,2021,15:01:02,Moving,773,82,152,120,130,,,,,,,,,3,,,,,,,,,,,,,
110,C,F,Adult,NO,,15-25,,Degraded forest,07/07/2020,July,2020,09:07,Resting in shade,1720,NA,NA,NA,NA,,,,,,,,Carapace,0,,,,,,,,,,,,,
111,C,F,Immature,NO,,10,,Degraded forest,07/07/2020,July,2020,09:38,Resting in shade,586,NA,NA,NA,NA,,,,,,,,,0,,,,,,,,,,,,,
112,C,M,Adult,NO,,11,,Degraded forest,07/07/2020,July,2020,09:45,Resting in shade,708,NA,NA,NA,NA,,,,,,,,,0,,,,,,,,,,,,,
113,C,F,Adult,NO,,>25,,Degraded forest,07/07/2020,July,2020,09:47,Resting in shade,1648,NA,NA,NA,NA,,,,,,,,"Carapace, Hole",0,Yellow shell,,,,,,,,,,,,
114,C,M,Adult,NO,11,12,,Degraded forest,07/07/2020,July,2020,10:38,Resting in shade,483,NA,NA,NA,NA,,,,,,,,"Marginals, Carapace, Plastron",0,,,,,,,,,,,,,
115,C,M,Adult,NO,14,17,,Degraded forest,07/07/2020,July,2020,10:39,Resting in shade,366,NA,NA,NA,NA,,,,,,,,,0,,,,,,,,,,,,,
116,C,M,Adult,NO,11,13,12,Meadow,07/08/2020,July,2020,09:36,Resting in shade,1125,88,167,133,143,,,,,,,,,0,,,,,,,,,,,,,
116,R,M,Adult,NO,11,13,13,Opening+Pine forest,30/04/2021,April,2021,16:22:25,Resting in shade,1148,88,169,134,144,,,,,,,,Hind leg(s) ,0,missing claws on left hind legs,,,,,,,,,,,,
116,R,M,Adult,NO,11,13,13,Degraded forest,03/06/2021,June,2021,14:20:24,Moving,1188,89,170,134,145,,,,,,,,,7,,,,,,,,,,,,,
116,R,M,Adult,NO,12,13,13,Degraded forest+Pine forest,21/06/2021,June,2021,10:35:41,Basking,1198,90,171,135,145,,,,,,,,,,error marcation between 10th and 11th left marginal,,,,,,,,,,,,
117,C,F,Adult,NO,,15-25,15-25,Degraded forest,07/08/2020,July,2020,09:48,Resting in shade,1697,97,208,154,155,,,,,,,,,0,,,,,,,,,,,,,
117,R,F,Adult,NO,,15-25,15-25,Degraded forest,29/05/2021,May,2021,12:13:28,Moving,1762,94,209,153.5,155,,,,,,,,,0,4 vertebral unusual shape. Smooth shell.,,,,,,,,,,,,
118,C,M,Adult,NO,12,15,,Degraded forest,07/08/2020,July,2020,09:48,Resting in shade,1075,86,170,132,144,,,,,,,,,0,,,,,,,,,,,,,
119,C,M,Immature,NO,,9,,Degraded forest,07/08/2020,July,2020,10:17,Resting in shade,475,63,125,100,108,,,,,,,,,0,,,,,,,,,,,,,
120,C,F,Adult,NO,10,11,,Degraded forest,07/08/2020,July,2020,10:44,Resting in shade,1313,94,180,137,141,,,,,,,,,0,,,,,,,,,,,,,
121,C,F,Adult,NO,,15-25,,Degraded forest,07/08/2020,July,2020,10:53,Resting in shade,1839,107,199,155,156,,,,,,,,,0,,,,,,,,,,,,,
121,R,F,Adult,NO,,15-25,,Degraded forest,20/08/2020,August,2020,11:16,Resting in shade,1782,108,198,155,156,,,,,,,,,0,,,,,,,,,,,,,
122,C,M,Immature,NO,,"9, 10",,Degraded forest,07/08/2020,July,2020,10:41,Resting in shade,538,69,131,107,111,,,,,,,,"Vertebrals, Extra scale",0,,,,,,,,,,,,,
123,C,M,Adult,NO,11,14,,Degraded forest,07/08/2020,July,2020,10:48,Resting in shade,840,77,155,126,127,,,,,,,,"Left, Marginals, Broken markation I",0,,,,,,,,,,,,,
123,R,M,Adult,NO,11,15-25,,Degraded forest,20/08/2020,August,2020,11:35,Mating,779,78,154,125,131,,,,,,,,I m L,0,,,,,,,,,,,,,
124,C,F,Immature,NO,,7,7,Degraded forest,07/08/2020,July,2020,11:33,Resting in shade,618,71,135,103,107,,,,,,,,,0,,,,,,,,,,,,,
124,R,F,Immature,NO,,9,8,Meadow,21/06/2021,June,2021,10:19:40,Resting in shade,771,77,147,110,114,,,,,,,,,2,,,,,,,,,,,,,
125,C,M,Adult,NO,,15-25,,Degraded forest,07/08/2020,July,2020,11:40,Resting in shade,1430,95,186,150,157,,,,,,,,,0,,,,,,,,,,,,,
126,C,M,Adult,YES,,10,10,Degraded forest,07/08/2020,July,2020,12:00,Resting in shade,816,81,148,112,113,,,,,,,,"IX m L, Carapace",0,hermaphrodite?,,,,,,,,,,,,
126,R,F,Adult,YES,,10,11,Degraded forest,21/06/2021,June,2021,12:36:40,Basking,888,87,155,122,122,,,,,,,,"Supracaudal, Carapace",2,hermaphrodite?,,,,,,,,,,,,
127,C,M,Adult,NO,14,17,,Meadow,20/08/2020,August,2020,09:26,Feeding,867,80,161,124,135,,,,,,,,,0,,,,,,,,,,,,,
128,C,M,Adult,NO,10,13,13,Degraded forest,20/08/2020,August,2020,09:36,Moving,1132,87,174,133,145,,,,,,,,,0,,,,,,,,,,,,,
128,R,M,Adult,NO,12,14,14,Degraded forest,29/05/2021,May,2021,10:41:07,Moving,1234,88,176,135,148,,,,,,,,,0,Age count was wrong when captured.,,,,,,,,,,,,
129,C,NA,Immature,NO,,8,,Road,20/08/2020,August,2020,09:50,Feeding,342,57,111,89,92,96,104,34,13,28,50,50,III v broken,0,,,,,,,,,,,,,
130,C,M,Adult,NO,14,17,,Degraded forest+Pine forest,20/08/2020,August,2020,10:26,Basking,818,80,156,131,138,,,,,,,,,0,,,,,,,,,,,,,
131,C,F,Adult,NO,,15-25,,Degraded forest+Pine forest,20/08/2020,August,2020,10:33,Resting in shade,1387,91,188,144,147,,,,,,,,Damaged carapace,0,,,,,,,,,,,,,
132,C,M,Adult,NO,,15-25,15-25,Degraded forest,20/08/2020,August,2020,11:22,Burrowed,1040,80,165,130,135,,,,,,,,I m R,0,,,,,,,,,,,,,
132,R,M,Adult,NO,,15-25,15-25,Degraded forest,24/09/2021,September,2021,15:12:51,Moving,952,80,167,130,136,,,,,,,,,17,"1st R marginal broken, additional scale on front right leg",,,,,,,,,,,,
133,C,F,Adult,NO,11,15-25,,Degraded forest,20/08/2020,August,2020,11:41,Mating,1673,101,195,150,151,,,,,,,,,0,First vertebral is star-like,,,,,,,,,,,,
134,C,F,Adult,NO,10,10,,Degraded forest,20/08/2020,August,2020,11:54,Resting in shade,744,79,141,114,117,,,,,,,,,0,,,,,,,,,,,,,
135,C,M,Adult,NO,11,12,,Degraded forest,29/04/2021,April,2021,13:00:05,Basking,708.6,80,152,121,124,,,,,,,,"Costals, Vertebrals",0,vertebral and coastal scutes damaged,,,,,,,,,,,,
136,C,NA,Immature,NO,,6,,Degraded forest,29/04/2021,April,2021,13:17:56,Moving,103,41,75,65,63,,,,,,,,,0,,,,,,,,,,,,,
137,C,F,Immature,NO,,9,,Degraded forest,29/04/2021,April,2021,13:29:12,Moving,250,55,103,82,83,,,,,,,,,0,,,,,,,,,,,,,
138,C,M,Adult,NO,12,13,,Degraded forest,29/04/2021,April,2021,14:24:26,Moving,945,87,168,130,140,,,,,,,,,0,first vertebral starlike,,,,,,,,,,,,
139,C,M,Adult,NO,11,13,,Degraded forest,29/04/2021,April,2021,14:45:01,Moving,748,78,158,119,132,,,,,,,,,0,,,,,,,,,,,,,
140,C,M,Adult,NO,11,15,15,Degraded forest,29/04/2021,April,2021,15:36:16,Resting in shade,869,83,159,128,136,,,,,,,,,0,,,,,,,,,,,,,
140,R,M,Adult,NO,11,15,15,Degraded forest+Pine forest,25/05/2021,May,2021,19:25:44,Moving,917,84,159,128,136,,,,,,,,,,,,,,,,,,,,,,
141,C,F,Adult,NO,,11,,Degraded forest,29/04/2021,April,2021,15:55:53,Resting in shade,752,77,148,114,122,,,,,,,,Right bridge,0,,,,,,,,,,,,,
142,C,F,Adult,NO,,10,,Degraded forest,29/04/2021,April,2021,16:58:42,Moving,865,80,155,118,120,,,,,,,,,0,9L marginal broken,,,,,,,,,,,,
143,C,M,Adult,NO,12,14,,Road,30/04/2021,April,2021,11:42:14,Moving,929,81,166,132,138,,,,,,,,,1,4 and 5 vertebral asymmetrical,,,,,,,,,,,,
145,C,M,Adult,NO,13,16,,Degraded forest,30/04/2021,April,2021,13:22:33,Courting,792,79,162,128,136,,,,,,,,,0,9R marginal damaged,,,,,,,,,,,,
146,C,M,Adult,NO,12,14,,Degraded forest,30/04/2021,April,2021,13:26:42,Resting in shade,773,79,154,122,131,,,,,,,,Supracaudal,0,,,,,,,,,,,,,
147,C,F,Adult,NO,,>25,>25,Degraded forest,30/04/2021,April,2021,13:31:18,Resting in shade,1985,102,210,163,170,,,,,,,,,0,"resting with another female, smooth shell",,,,,,,,,,,,
147,R,F,Adult,NO,,>25,>25,Degraded forest,24/09/2021,September,2021,17:07:43,Moving,2015,102,210,163,170,,,,,,,,,0,"male like, smooth shell",,,,,,,,,,,,
148,C,F,Adult,NO,12,14,,Degraded forest,30/04/2021,April,2021,13:35:15,Resting in shade,1741,103,200,153,158,,,,,,,,,0,resting with another female,,,,,,,,,,,,
149,C,M,Adult,NO,11,15-25,,Degraded forest,30/04/2021,April,2021,13:48:06,Resting in shade,947,83,170,133,138,,,,,,,,,0,7L marginal narrow,,,,,,,,,,,,
150,C,F,Adult,NO,,10,,Degraded forest,30/04/2021,April,2021,13:55:32,Resting in shade,541,71,134,104,108,,,,,,,,,0,,,,,,,,,,,,,
151,C,M,Adult,NO,9,10,,Degraded forest,30/04/2021,April,2021,14:03:29,Resting in shade,782,80,161,123,129,,,,,,,,,0,,,,,,,,,,,,,
152,C,F,Immature,NO,,9,,Degraded forest,30/04/2021,April,2021,14:06:03,Moving,629,72,141,111,114,,,,,,,,,0,first vertebral starlike,,,,,,,,,,,,
153,C,M,Adult,NO,10,17,,Degraded forest,30/04/2021,April,2021,15:52:11,Moving,1044,84,171,132,147,,,,,,,,,0,First vertebral starlike,,,,,,,,,,,,
154,C,M,Adult,NO,12,17,,Opening+Pine forest,30/04/2021,April,2021,15:31:47,Mating,1102,85,177,138,143,,,,,,,,Marginals,0,,,,,,,,,,,,,
155,C,M,Immature,NO,,9,,Road+Degraded forest,30/04/2021,April,2021,16:03:02,Feeding,547,73,130,102,106,,,,,,,,,8,,,,,,,,,,,,,
156,C,F,Adult,NO,,10,,Degraded forest,30/04/2021,April,2021,16:13:03,Feeding,795,79,148,117,116,,,,,,,,,2,First vertebral starlike,,,,,,,,,,,,
157,C,M,Adult,NO,,11,,Road,30/04/2021,April,2021,16:46:36,Feeding,548,69,133,106,113,,,,,,,,,2,,,,,,,,,,,,,
158,C,M,Adult,NO,,11,,Opening+Pine forest,30/04/2021,April,2021,16:51:53,Moving,725,79,148,115,119,,,,,,,,,20,4 coastal R together with 5th vertebral,,,,,,,,,,,,
159,C,F,Adult,NO,13,16,,Degraded forest,30/04/2021,April,2021,17:17:09,Mating,1250,92,181,136,140,,,,,,,,,0,,,,,,,,,,,,,
160,C,M,Adult,NO,10,15-25,,Degraded forest,30/04/2021,April,2021,17:21:51,Mating,889,82,163,133,136,,,,,,,,,0,9 and 10 L marginal demaged,,,,,,,,,,,,
162,C,F,Adult,NO,,11,,Opening,01/05/2021,May,2021,12:47:11,Resting in shade,1256,95,181,135,139,,,,,,,,,0,,,,,,,,,,,,,
163,C,F,Adult,NO,,15-25,,Degraded forest,01/05/2021,May,2021,13:22:38,Resting in shade,1377,88,191,142,142,,,,,,,,"Carapace, Burnt",0,,,,,,,,,,,,,
164,C,M,Adult,NO,0,12,,Degraded forest,01/05/2021,May,2021,13:40:32,Resting in shade,1145,90,174,137,145,,,,,,,,,4,Small ticks,,,,,,,,,,,,
165,C,M,Adult,NO,,15-25,,Degraded forest,01/05/2021,May,2021,13:45:23,Resting in shade,959,84,164,135,140,,,,,,,,"Right, Marginals, Scale missing, 1, 2",0,,,,,,,,,,,,,
166,C,NA,Immature,NO,,1,,Meadow,01/05/2021,May,2021,13:48:05,Resting in shade,16.4,21,39,36,36,37,37,14,2,4,20.5,19.5,,0,,,,,,,,,,,,,
167,C,F,Adult,NO,,15-25,,Meadow,01/05/2021,May,2021,13:52:45,Resting in shade,1508,97,198,144,146,,,,,,,,,0,Yellow shell,,,,,,,,,,,,
168,C,F,Adult,NO,,15-25,,Degraded forest,01/05/2021,May,2021,14:11:56,Resting in shade,1314,88,182.5,134,140,,,,,,,,10 m L,0,,,,,,,,,,,,,
169,C,F,Adult,NO,,11,,Degraded forest,01/05/2021,May,2021,14:23:55,Resting in shade,927,89,162,123,129,,,,,,,,,0,,,,,,,,,,,,,
170,C,F,Adult,NO,13,15-25,15-25,Meadow,01/05/2021,May,2021,14:53:22,Feeding,1464,94,189,143,144,,,,,,,,,0,first vertebral starlike,,,,,,,,,,,,
170,R,F,Adult,NO,,15-25,15-25,Degraded forest,03/06/2021,June,2021,12:05:46,Moving,1433,93,188,143,145,,,,,,,,,0,yellowish shell ,,,,,,,,,,,,
171,C,F,Adult,NO,11,13,,Meadow+Degraded forest,01/05/2021,May,2021,14:57:27,Resting in shade,1285,92,184,133,133,,,,,,,,Supracaudal,0,,,,,,,,,,,,,
172,C,F,Adult,NO,,15-25,,Meadow+Degraded forest,01/05/2021,May,2021,15:03:15,Resting in shade,1698,98,197,151,152,,,,,,,,,0,,,,,,,,,,,,,
172,C,F,Adult,NO,,15-25,,Meadow,09/06/2021,June,2021,09:04:53,Basking,1795,99,198,151,152,,,,,,,,,0,,,,,,,,,,,,,
173,C,F,Adult,NO,11,17,,Meadow,01/05/2021,May,2021,15:57:37,Feeding,1384,90,182,145,139,,,,,,,,,1,one large tick,,,,,,,,,,,,
174,C,M,Adult,NO,11,13,,Meadow,01/05/2021,May,2021,16:03:45,Resting in shade,966,83,166,130,142,,,,,,,,Carapace,0,,,,,,,,,,,,,
175,C,M,Adult,NO,12,15,,Degraded forest,01/05/2021,May,2021,16:18:16,Moving,897,87,166,127,135,,,,,,,,,0,2nd 3th 4th 5th vertebral asymmetrical,,,,,,,,,,,,
176,C,F,Adult,NO,10,17,,Degraded forest,01/05/2021,May,2021,16:27:48,Resting in shade,1872,104,200,155,157,,,,,,,,,0,,,,,,,,,,,,,
177,C,F,Adult,NO,1,15-25,,Degraded forest,01/05/2021,May,2021,16:34:27,Resting in shade,1526,94,194,144,155,,,,,,,,,0,smooth shell,,,,,,,,,,,,
178,C,NA,Immature,NO,,2,,Meadow,01/05/2021,May,2021,16:50:01,Resting in shade,36.7,27,54,46,47,49,50,19,5,8,29,29,,0,6th L/R marginal maybe split on two as it grows,,,,,,,,,,,,
179,C,NA,Immature,NO,,1,,Meadow,01/05/2021,May,2021,17:13:01,Moving,30,26,48,47,46,46,46,18,4,7,27,27,,0,,,,,,,,,,,,,
180,C,F,Adult,NO,12,16,,Degraded forest,06/05/2021,May,2021,14:40:41,Resting in shade,1484,97,191,143,143,,,,,,,,,0,,,,,,,,,,,,,
181,C,M,Adult,NO,12,18,,Meadow,06/05/2021,May,2021,16:53:36,Moving,1237,91,180,138,145,,,,,,,,,1,Missing nuchal,,,,,,,,,,,,
182,C,M,Adult,NO,12,13,,Meadow,06/05/2021,May,2021,17:05:55,Moving,767,78,154,122,129,,,,,,,,,0,vertebrals asymmetrical,,,,,,,,,,,,
183,C,F,Adult,NO,9,14,,Degraded forest,06/05/2021,May,2021,18:29:57,Burrowed,1445,97,185,144,145,,,,,,,,,0,,,,,,,,,,,,,
184,C,F,Adult,NO,,12,,Degraded forest,06/05/2021,May,2021,19:13:22,Feeding,1153,92,187,133,137,,,,,,,,,0,"nuchal leaning to left, end of supracaudal looks like M",,,,,,,,,,,,
185,C,F,Adult,NO,,15-25,15-25,Degraded forest,06/05/2021,May,2021,19:36:40,Moving,1541,96,191,146,149,,,,,,,,,0,,,,,,,,,,,,,
185,R,F,Adult,NO,,15-25,15-25,Degraded forest,03/06/2021,June,2021,12:14:50,Resting in shade,1547,96,191,146,148,,,,,,,,,0,,,,,,,,,,,,,
186,C,F,Adult,NO,,12,,Degraded forest,07/05/2021,May,2021,12:22:35,Basking,1512,96,200,141,146,,,,,,,,,0,,,,,,,,,,,,,
187,C,M,Adult,NO,11,14,,Degraded forest,07/05/2021,May,2021,12:31:24,Basking,1039,84,164,136,142,,,,,,,,,0,1st vertebral star-like,,,,,,,,,,,,
188,C,M,Adult,NO,,15-25,15-25,Degraded forest,07/05/2021,May,2021,13:10:16,Feeding,1158,89,176,145,154,,,,,,,,,0,9L marginal damage,,,,,,,,,,,,
188,R,M,Adult,NO,,15-25,15-25,Degraded forest,23/06/2021,June,2021,11:45:32,Moving,1202,89,178,143,153,,,,,,,,,30,9L marginal damaged.,,,,,,,,,,,,
189,C,M,Adult,NO,,10.-15.,,Degraded forest,07/05/2021,May,2021,13:16:30,Resting in shade,895,85,160,128,132,,,,,,,,Marginals,0,2R marginal damaged,,,,,,,,,,,,
190,C,M,Adult,NO,12,17,17,Degraded forest,07/05/2021,May,2021,13:22:30,Moving,1012,83,164,129,133,,,,,,,,,0,spurt/growth between 3rd & 4th vertebral and 3rd costal,,,,,,,,,,,,
190,R,M,Adult,NO,12,17,17,Degraded forest,07/09/2021,September,2021,10:54:49,Basking,990,84,164,130,133,,,,,,,,,5,spurt,,,,,,,,,,,,
191,C,M,Adult,NO,,10,,Road,07/05/2021,May,2021,13:28:43,Resting in shade,934,84,168,131,135,,,,,,,,,0,,,,,,,,,,,,,
192,C,F,Immature,NO,,7,,Opening,07/05/2021,May,2021,13:33:49,Resting in shade,281,56,104,84,86,,,,,,,,,0,line/cut along the middle of last vertebral,,,,,,,,,,,,
193,C,F,Immature,NO,,6,,Opening,07/05/2021,May,2021,13:43:52,Resting in shade,241,53,101,83,83,89,93,34,11,23,48,48,,0,3R marginal triangular,,,,,,,,,,,,
194,C,M,Adult,NO,,10,,Road,07/05/2021,May,2021,13:48:52,Resting in shade,721,78,155,116,120,,,,,,,,,0,8L marginal narrow,,,,,,,,,,,,
195,C,F,Adult,NO,11,15,15,Degraded forest,07/05/2021,May,2021,14:07:29,Moving,1395,97,189,140,145,,,,,,,,,0,,,,,,,,,,,,,
195,R,F,Adult,NO,,16,15,Degraded forest,29/05/2021,May,2021,14:07:14,Moving,1555,97,189,140,144,,,,,,,,,0,Yellow shell,,,,,,,,,,,,
196,C,M,Adult,NO,,12,,Degraded forest,07/05/2021,May,2021,14:14:41,Moving,937,89,162,130,139,,,,,,,,,0,courting and mating w 195,,,,,,,,,,,,
197,C,F,Adult,NO,9,12,,Road,07/05/2021,May,2021,14:19:03,Resting in shade,1502,94,190,145,152,,,,,,,,,0,,,,,,,,,,,,,
198,C,M,Immature,NO,,8,,Degraded forest,07/05/2021,May,2021,14:31:02,Resting in shade,752,80,152,119,124,,,,,,,,,0,,,,,,,,,,,,,
199,C,M,Adult,NO,12,18,18,Road,07/05/2021,May,2021,14:34:12,Moving,1080,90,172,137,143,,,,,,,,,0,"2L&R marginal narrow, 7L marginal very narrow",,,,,,,,,,,,
199,R,M,Adult,NO,13,18,18,Meadow,23/06/2021,June,2021,07:37:24,Basking,1208,91,171,138,146,,,,,,,,,20,"2 L&R narrow marginals, 7 L very narrow marginal",,,,,,,,,,,,
200,C,M,Adult,NO,12,16,,Degraded forest,23/06/2021,June,2021,11:36:44,Mating,1129,86,166,127,138,,,,,,,,,9,Mating w F 108,,,,,,,,,,,,
201,C,F,Adult,NO,,15-25,,Opening,07/05/2021,May,2021,15:51:22,Burrowed,1907,102,215,155,161,,,,,,,,Hole,0,2&3L costal,,,,,,,,,,,,
202,C,F,Adult,NO,12,14,,Degraded forest,08/05/2021,May,2021,11:03:53,Moving,1440,94,187,141,142,,,,,,,,,0,all yellow,,,,,,,,,,,,
203,C,M,Adult,NO,,15-25,,Degraded forest,08/05/2021,May,2021,11:24:25,Resting in shade,1005,81,177,129,137,,,,,,,,Carapace,0,,,,,,,,,,,,,
204,C,F,Adult,NO,11,"14, 15",,Degraded forest,08/05/2021,May,2021,11:40:07,Resting in shade,1654,102,196,147,152,,,,,,,,,1,1 big tick. 1st vertebral starlike,,,,,,,,,,,,
205,C,M,Immature,NO,,7,,Pine forest,08/05/2021,May,2021,14:02:27,Moving,314,58,113,86,88,99,101,35,13,30,51,52,,0,,,,,,,,,,,,,
206,C,M,Adult,NO,10,19,,Pine forest,08/05/2021,May,2021,14:14:12,Resting in shade,1116,92,176,142,150,,,,,,,,,0,,,,,,,,,,,,,
207,C,M,Adult,NO,13,16,,Opening,08/05/2021,May,2021,14:22:46,Feeding,891,87,156,125,133,,,,,,,,,0,,,,,,,,,,,,,
208,C,F,Adult,NO,10,11,,Pine forest,08/05/2021,May,2021,14:39:28,Moving,1240,90,175,138,135,,,,,,,,,0,3R marginal small & triangular.,,,,,,,,,,,,
209,C,F,Immature,NO,,10,,Degraded forest,08/05/2021,May,2021,20:22:07,Moving,453,63,121,99,85,,,,,,,,,0,"missing back leg, missing L marginals from 8 to 11, vertebral 5 shell fused with the anal plastron from the left side, missing supracaudal ",,,,,,,,,,,,
210,C,F,Adult,NO,11,14,,Degraded forest,09/05/2021,May,2021,12:01:41,Moving,1730,101,196,148,148,,,,,,,,,0,first vertebral star like,,,,,,,,,,,,
211,C,M,Immature,NO,,7,,Degraded forest,09/05/2021,May,2021,12:22:12,Moving,389,65,115,97,98,100,106,35,15,31,52,52,,0,,,,,,,,,,,,,
212,C,F,Immature,NO,,9,,Degraded forest,09/05/2021,May,2021,13:15:33,Resting in shade,409,64,117,94,97,104,111,39,16,25,55,55,,0,2 and 3 R marginals missing piece,,,,,,,,,,,,
213,C,F,Immature,NO,,7,,Degraded forest,09/05/2021,May,2021,13:27:29,Basking,239,55,99,81,80,84,90,30,11,,46,46,,0,,,,,,,,,,,,,
214,C,M,Adult,NO,,10,,Meadow,09/05/2021,May,2021,13:34:43,Basking,639,74,143,111,114,,,,,,,,,0,,,,,,,,,,,,,
215,C,M,Adult,NO,,15-25,,Degraded forest,09/05/2021,May,2021,13:42:19,Burrowed,1160,91,180,139,155,,,,,,,,,10,first L/R marginals smaller ,,,,,,,,,,,,
216,C,F,Adult,NO,11,15,,Degraded forest,09/05/2021,May,2021,13:51:16,Moving,1223,88,177,138,141,,,,,,,,,0,,,,,,,,,,,,,
217,C,F,Adult,NO,,15-25,,Meadow,09/05/2021,May,2021,14:55:25,Basking,1989,108,216,156,160,,,,,,,,,0,,,,,,,,,,,,,
218,C,M,Adult,NO,,11,,Pine forest,09/05/2021,May,2021,16:19:50,Moving,633,75,140,108,118,,,,,,,,,0,,,,,,,,,,,,,
219,C,M,Adult,NO,12,15,,Degraded forest,09/05/2021,May,2021,16:43:57,Moving,1036,87,167,132,144,,,,,,,,,4,,,,,,,,,,,,,
220,C,F,Immature,NO,,8,,Degraded forest,09/05/2021,May,2021,17:12:58,Feeding,480,67,128,101,102,111,118,42,15,26,60,61,,0,first marginal star like,,,,,,,,,,,,
221,C,M,Immature,NO,,10,,Degraded forest,09/05/2021,May,2021,17:24:26,Moving,426,67,126,100,104,105,113,36,16,35,52,53,,0,,,,,,,,,,,,,
222,C,F,Immature,NO,,4,,Degraded forest,10/05/2021,May,2021,12:17:44,Basking,93.4,40,70,58,58,64,68,25,9,12,36,36,,0,,,,,,,,,,,,,
223,C,F,Immature,NO,,7,,Degraded forest,10/05/2021,May,2021,12:28:10,Feeding,269,57,106,85,84,93,99,34,14,22,51,51,,0,,,,,,,,,,,,,
224,C,M,Immature,NO,,9,,Degraded forest,10/05/2021,May,2021,12:37:57,Basking,603,72,142,107,113,,,,,,,,,0,,,,,,,,,,,,,
225,C,F,Adult,NO,11,12,,Degraded forest,10/05/2021,May,2021,12:43:49,Moving,1132,89,177,135,146,,,,,,,,,0,,,,,,,,,,,,,
226,C,M,Immature,NO,,8,,Degraded forest,10/05/2021,May,2021,12:48:47,Resting in shade,434,66,125,97,100,,,,,,,,,0,,,,,,,,,,,,,
227,C,F,Immature,NO,,7,,Degraded forest,10/05/2021,May,2021,12:53:18,Moving,333,59,110,91,92,,,,,,,,,0,3&4 vertebral asymmetrical,,,,,,,,,,,,
228,C,M,Adult,NO,10,11,,Degraded forest,10/05/2021,May,2021,13:01:12,Basking,647,75,143,114,121,,,,,,,,Carapace,4,,,,,,,,,,,,,
229,C,M,Adult,NO,10,12,,Degraded forest,10/05/2021,May,2021,13:07:58,Moving,591,74,145,111,121,,,,,,,,,0,,,,,,,,,,,,,
230,C,F,Adult,NO,,15-25,,Degraded forest,10/05/2021,May,2021,13:13:10,Moving,1107,84,180,133,145,,,,,,,,"Marginals, Carapace",6,nuchal not visible from above,,,,,,,,,,,,
231,C,M,Adult,NO,11,13,13,Degraded forest,10/05/2021,May,2021,13:17:16,Moving,589,77,149,120,125,,,,,,,,,0,1st vertebral starlike,,,,,,,,,,,,
231,R,M,Adult,NO,11,13,13,Degraded forest,30/08/2021,August,2021,09:41:22,Dead,,75,143,119,122,,,,,,,,,0,Dead,,,,,,,,,,,,
232,C,M,Adult,NO,,>25,,Degraded forest,10/05/2021,May,2021,13:21:16,Moving,919,80,168,128,143,,,,,,,,,0,"11L&R marginals damaged, supracaudal too. 1 2 & 3rd L costal look merged. ",,,,,,,,,,,,
233,C,M,Immature,NO,,7,,Degraded forest,10/05/2021,May,2021,15:43:29,Resting in shade,201.8,50,90,79,78,81,85,31,13,22,45,45,,0,2&3 vertebraln kinda asymmetric,,,,,,,,,,,,
234,C,F,Adult,NO,10,16,,Meadow,10/05/2021,May,2021,15:51:59,Resting in shade,1535,96,195,149,146,,,,,,,,,6,Missing nails on L front leg.,,,,,,,,,,,,
235,C,F,Adult,NO,10,13,,Degraded forest,10/05/2021,May,2021,17:11:43,Resting in shade,1265,93,178,137,135,,,,,,,,,0,12 L marginals. Had to be marked as 245.,,,,,,,,,,,,
236,C,M,Adult,NO,10,12,,Degraded forest+Pine forest,11/05/2021,May,2021,10:48:06,Moving,640,77,142,112,117,,,,,,,,,11,,,,,,,,,,,,,
237,C,M,Adult,NO,10,17,,Degraded forest+Pine forest,11/05/2021,May,2021,10:59:46,Moving,839,78,157,132,142,,,,,,,,,35,,,,,,,,,,,,,
238,C,M,Adult,NO,12,17,17,Degraded forest+Pine forest,11/05/2021,May,2021,11:11:33,Moving,973,84,167,130,137,,,,,,,,,13,2&3 L vertebral asymmetric,,,,,,,,,,,,
238,R,M,Adult,NO,12,17,17,Degraded forest,24/06/2021,June,2021,10:37:07,Feeding,1017,84,167,130,137,,,,,,,,,20,,,,,,,,,,,,,
239,C,M,Adult,NO,11,13,,Degraded forest,11/05/2021,May,2021,11:36:42,Moving,673,75,149,116,125,,,,,,,,,0,,,,,,,,,,,,,
240,C,M,Adult,NO,11,18,,Degraded forest,11/05/2021,May,2021,12:52:48,Resting in shade,1118,77,176,136,147,,,,,,,,,11,,,,,,,,,,,,,
241,C,F,Adult,NO,11,13,,Degraded forest,11/05/2021,May,2021,13:00:41,Resting in shade,746,79,147,113,114,,,,,,,,,3,6 vertebral. 6 L & R costal. 10R marginal.,,,,,,,,,,,,
242,C,F,Immature,NO,,10,,Degraded forest,11/05/2021,May,2021,13:10:28,Resting in shade,382,63,119,91,92,104,109,39,16,22,56,57,,7,how cuuute,,,,,,,,,,,,
243,C,M,Adult,NO,12,13,,Degraded forest,11/05/2021,May,2021,13:18:42,Resting in shade,703,75,153,133,131,,,,,,,,,2,,,,,,,,,,,,,
244,C,M,Adult,NO,12,15,,Degraded forest,11/05/2021,May,2021,16:22:57,Moving,687,81,150,120,127,,,,,,,,,3,,,,,,,,,,,,,
245,C,F,Adult,NO,13,16,,Degraded forest+Pine forest,11/05/2021,May,2021,16:32:45,Basking,1190,94,175,138,140,,,,,,,,,4,2-4 R marginals appear merged,,,,,,,,,,,,
246,C,F,Adult,NO,12,13,,Degraded forest+Pine forest,11/05/2021,May,2021,16:40:25,Resting in shade,1212,93,180,127,135,,,,,,,,,3,,,,,,,,,,,,,
247,C,M,Adult,NO,,"15-25, >25",,Degraded forest+Pine forest,11/05/2021,May,2021,16:48:53,Feeding,1120,92,177,137,149,,,,,,,,,4,1&2 L marginals missing pieces,,,,,,,,,,,,
248,C,M,Adult,NO,,10,,Degraded forest,11/05/2021,May,2021,16:59:35,Moving,672,80,140,116,118,,,,,,,,"Carapace, Plastron",2,,,,,,,,,,,,,
249,C,M,Adult,NO,,10,,Degraded forest,11/05/2021,May,2021,17:54:36,Burrowed,560,76,149,114,122,121,134,44,16,43,60,60,,0,Missing nail on both hind legs.,,,,,,,,,,,,
250,C,M,Adult,NO,11,13,,Road,12/05/2021,May,2021,11:57:21,Moving,895,83,158,125,129,,,,,,,,,8,,,,,,,,,,,,,
251,C,M,Immature,NO,,9,,Degraded forest,12/05/2021,May,2021,13:09:09,Resting in shade,569,71,136,108,114,108,119,40,16,38,55,55,,0,,,,,,,,,,,,,
252,C,M,Adult,NO,12,14,,Degraded forest,12/05/2021,May,2021,13:15:15,Resting in shade,666,78,147,113,120,,,,,,,,,4,missing front left leg,,,,,,,,,,,,
253,C,M,Adult,NO,13,17,,Degraded forest,12/05/2021,May,2021,13:19:47,Resting in shade,864,79,162,122,134,,,,,,,,,0,,,,,,,,,,,,,
254,C,M,Adult,NO,11,14,,Degraded forest,12/05/2021,May,2021,13:23:46,Resting in shade,878,84,154,128,135,,,,,,,,,0,,,,,,,,,,,,,
255,C,M,Adult,NO,,11,,Degraded forest,12/05/2021,May,2021,13:27:13,Resting in shade,560,70,132,109,111,,,,,,,,,0,,,,,,,,,,,,,
256,C,F,Adult,NO,,12,,Degraded forest,12/05/2021,May,2021,13:36:44,Resting in shade,834,79,159,118,120,,,,,,,,,6,,,,,,,,,,,,,
257,C,F,Adult,NO,11,14,,Degraded forest,12/05/2021,May,2021,13:40:26,Feeding,1137,88,180,139,147,,,,,,,,,12,,,,,,,,,,,,,
258,C,M,Adult,NO,11,13,,Degraded forest,12/05/2021,May,2021,13:44:42,Resting in shade,765,80,151,116,123,,,,,,,,,0,,,,,,,,,,,,,
259,C,F,Immature,NO,,"5, 7",,Degraded forest,12/05/2021,May,2021,14:17:58,Resting in shade,345,59,113,91,90,99,106,36,15,28,53,51,,0,,,,,,,,,,,,,
260,C,F,Adult,NO,,12,12,Degraded forest,12/05/2021,May,2021,14:27:36,Basking,1033,88,168,128,134,,,,,,,,,3,9R marginal damaged,,,,,,,,,,,,
260,R,F,Adult,NO,,11,12,Degraded forest,29/05/2021,May,2021,14:01:05,Basking,1101,88,170,128,133,,,,,,,,,0,,,,,,,,,,,,,
261,C,F,Adult,NO,,15-25,,Pine forest,12/05/2021,May,2021,14:49:25,Basking,1194,96,175,132,140,,,,,,,,,0,,,,,,,,,,,,,
262,C,M,Adult,NO,,15-25,,Pine forest,12/05/2021,May,2021,15:01:06,Resting in shade,956,85,161,139,140,,,,,,,,"Marginals, Plastron",0,"L&R 9&10 marginals especially damaged, yellowish shell",,,,,,,,,,,,
263,C,F,Adult,NO,,11,,Pine forest,12/05/2021,May,2021,15:08:25,Resting in shade,540,71,135,105,105,,,,,,,,,0,second vertebral damaged ,,,,,,,,,,,,
264,C,F,Adult,NO,11,12,,Pine forest,12/05/2021,May,2021,15:16:16,Basking,1316,95,183,134,136,,,,,,,,,0,starlike first vertebral,,,,,,,,,,,,
265,C,M,Adult,NO,,15-25,,Pine forest,12/05/2021,May,2021,15:23:03,Feeding,1272,93,186,138,151,,,,,,,,Carapace,0,broken 11 right marginal,,,,,,,,,,,,
266,C,F,Adult,NO,,17,,Degraded forest,13/05/2021,May,2021,12:59:43,Resting in shade,1875,104,209,154,155,,,,,,,,,0,yellow plastron. 3 4 & 5 vertebral & 4L scute damaged,,,,,,,,,,,,
267,C,F,Adult,NO,11,18,,Degraded forest,13/05/2021,May,2021,13:09:36,Feeding,1606,100,198,148,149,,,,,,,,,9,yellow shell,,,,,,,,,,,,
268,C,M,Adult,NO,10,15-25,,Degraded forest,13/05/2021,May,2021,14:08:06,Basking,1165,90,181,140,152,,,,,,,,,0,missing a piece from 1L marginal. 23 yo. ,,,,,,,,,,,,
269,C,F,Adult,NO,13,18,,Degraded forest,13/05/2021,May,2021,14:16:03,Moving,1390,91,186,138,146,,,,,,,,,0,,,,,,,,,,,,,
270,C,M,Adult,NO,13,15-25,,Degraded forest,13/05/2021,May,2021,16:22:18,Moving,1078,87,172,138,145,,,,,,,,,0,Nuchal not visible from above. 21 yo.,,,,,,,,,,,,
271,C,F,Adult,NO,,15-25,,Opening+Urban,17/05/2021,May,2021,11:00:29,Moving,1717,102,204,152,156,,,,,,,,,0,"1, 2 & 9L marginals demaged ",,,,,,,,,,,,
272,C,M,Adult,NO,12,14,,Degraded forest,17/05/2021,May,2021,12:33:29,Feeding,1187,92,173,141,151,,,,,,,,,0,,,,,,,,,,,,,
273,C,M,Adult,NO,11,12,,Degraded forest,17/05/2021,May,2021,12:40:49,Moving,623,75,149,116,124,,,,,,,,,0,,,,,,,,,,,,,
274,C,M,Adult,NO,0,15-25,,Degraded forest,17/05/2021,May,2021,12:46:37,Moving,897,80,159,131,139,,,,,,,,,5,,,,,,,,,,,,,
275,C,M,Adult,NO,11,15,,Degraded forest,17/05/2021,May,2021,12:51:58,Moving,910,84,162,130,133,,,,,,,,,7,,,,,,,,,,,,,
276,C,F,Immature,NO,,9,,Degraded forest,17/05/2021,May,2021,13:05:01,Moving,367,62,116,96,96,102,109,35,13,33,55,54,,4,,,,,,,,,,,,,
277,C,F,Immature,NO,,9,,Degraded forest,17/05/2021,May,2021,13:19:40,Moving,651,76,140,109,110,124,131,45,20,30,64,65,,3,"yellow marginals 5,6,7R/L",,,,,,,,,,,,
278,C,M,Adult,NO,11,13,,Degraded forest,17/05/2021,May,2021,13:37:45,Moving,812,79,156,123,129,,,,,,,,,,2 & 3L looks like one,,,,,,,,,,,,
279,C,F,Adult,NO,,15-25,,Degraded forest,17/05/2021,May,2021,13:55:30,Moving,1626,98,203,151,150,,,,,,,,,0,,,,,,,,,,,,,
280,C,F,Adult,NO,11,12,,Degraded forest,17/05/2021,May,2021,14:05:07,Moving,1411,94,186,143,147,,,,,,,,,0,yellow shell ,,,,,,,,,,,,
281,C,M,Adult,NO,10,12,,Degraded forest,17/05/2021,May,2021,14:14:22,Moving,657,75,147,117,120,,,,,,,,,0,,,,,,,,,,,,,
282,C,F,Adult,NO,,15-25,,Degraded forest,17/05/2021,May,2021,14:20:15,Resting in shade,1538,97,190,148,147,,,,,,,,,0,yellow shell ,,,,,,,,,,,,
284,C,M,Adult,NO,11,15,,Degraded forest,17/05/2021,May,2021,14:36:52,Moving,1255,91,175,143,153,,,,,,,,,0,,,,,,,,,,,,,
285,C,F,Adult,NO,,13,,Degraded forest,17/05/2021,May,2021,14:39:54,Resting in shade,1264,93,179,133,142,,,,,,,,,0,,,,,,,,,,,,,
286,C,M,Adult,NO,12,16,16,Degraded forest,17/05/2021,May,2021,14:46:17,Resting in shade,1022,87,165,130,134,,,,,,,,,0,,,,,,,,,,,,,
286,R,M,Adult,NO,12,16,16,Degraded forest,29/05/2021,May,2021,11:07:07,Feeding,1023,87,165,130,135,,,,,,,,,5,1 vertebral starlike ,,,,,,,,,,,,
287,C,F,Adult,NO,,15-25,,Degraded forest,17/05/2021,May,2021,14:50:44,Resting in shade,1137,87,177,132,138,,,,,,,,,0,,,,,,,,,,,,,
288,C,F,Immature,NO,,8,,Degraded forest,17/05/2021,May,2021,14:56:09,Resting in shade,333,61,112,92,96,97,103,38,15,29,51,49,,0,,,,,,,,,,,,,
289,C,F ,Immature,NO,,7,,Degraded forest,17/05/2021,May,2021,15:01:22,Resting in shade,291,56,108,90,91,93,100,35,11,24,48,49,,0,,,,,,,,,,,,,
290,C,F,Immature,NO,,6,,Degraded forest,17/05/2021,May,2021,15:07:01,Resting in shade,199,50,92,85,82,81,86,30,11,23,43,47,,0,"missing pieces from 5,6 & 8R marginal ",,,,,,,,,,,,
291,C,M,Adult,NO,,15-25,,Degraded forest,17/05/2021,May,2021,17:25:42,Resting in shade,1145,89,178,137,151,,,,,,,,,18,"Broken 3,4,5 vertebrale and supracaudal",,,,,,,,,,,,
292,C,F,Adult,NO,12,14,14,Degraded forest,17/05/2021,May,2021,17:35:39,Burrowed,1323,94,183,138,143,,,,,,,,,0,,,,,,,,,,,,,
292,R,F,Adult,NO,12,14,14,Degraded forest,22/06/2021,June,2021,12:32:16,Moving,1255,94,186,138,143,,,,,,,,,16,,,,,,,,,,,,,
293,C,F,Adult,NO,,15-25,15-25,Degraded forest,22/05/2021,May,2021,12:17:04,Moving,1614,97,199,144,146,,,,,,,,,0,6 total vertebral. 3-6 vertebral asymmetric.,,,,,,,,,,,,
293,R,F,Adult,NO,,15-25,15-25,Meadow,23/06/2021,June,2021,08:09:07,Basking,1649,97,197,145,145,,,,,,,,,30,6 vertebrals.,,,,,,,,,,,,
294,C,M,Adult,NO,11,12,,Degraded forest,22/05/2021,May,2021,12:33:29,Basking,845,80,157,124,130,,,,,,,,,12,,,,,,,,,,,,,
295,C,M,Adult,NO,12,14,,Degraded forest+Pine forest,22/05/2021,May,2021,13:05:20,Basking,974,83,167,126,132,,,,,,,,,7,,,,,,,,,,,,,
296,C,F,Adult,NO,13,17,,Degraded forest+Pine forest,22/05/2021,May,2021,13:13:17,Basking,1575,100,NA,144,144,,,,,,,,,0,4&5 vertebral asymmetric (5 quite wide). L 12 total marginals. R 10 total marginals.,,,,,,,,,,,,
297,C,M,Adult,NO,13,18,,Degraded forest+Pine forest,22/05/2021,May,2021,13:20:00,Resting in shade,1113,88,170,136,141,,,,,,,,,5,,,,,,,,,,,,,
298,C,M,Adult,NO,,15-25,,Degraded forest+Pine forest,22/05/2021,May,2021,15:17:47,Resting in shade,1164,88,175,138,146,,,,,,,,,0,,,,,,,,,,,,,
299,C,M,Adult,NO,,11,,Degraded forest+Pine forest,22/05/2021,May,2021,15:22:00,Feeding,614,73,136,109,114,,,,,,,,Plastron,0,,,,,,,,,,,,,
300,C,F,Adult,NO,,12,,Degraded forest+Pine forest,22/05/2021,May,2021,16:15:11,Feeding,1063,84,167,124,133,,,,,,,,,5,,,,,,,,,,,,,
301,C,M,Adult,NO,13,18,,Degraded forest+Pine forest,22/05/2021,May,2021,16:19:43,Resting in shade,879,80,157,124,129,,,,,,,,,0,,,,,,,,,,,,,
302,C,F,Adult,NO,12,14,,Degraded forest+Pine forest,22/05/2021,May,2021,16:36:28,Mating,795,81,156,112,121,,,,,,,,,0,"6 total vertebral, 3-5 asymmetric. 12L marginals. Mating with 298.",,,,,,,,,,,,
303,C,M,Adult,NO,13,14,,Degraded forest+Pine forest,22/05/2021,May,2021,16:44:14,Basking,1002,89,167,130,143,,,,,,,,,0,,,,,,,,,,,,,
304,C,M,Adult,NO,,15-25,,Degraded forest+Pine forest,22/05/2021,May,2021,16:50:59,Basking,1016,83,175,132,139,,,,,,,,Carapace,0,,,,,,,,,,,,,
305,C,M,Adult,NO,10,12,,Degraded forest+Pine forest,22/05/2021,May,2021,16:56:37,Moving,621,72,141,114,123,,,,,,,,,7,1L marginal broken.,,,,,,,,,,,,
306,C,M,Adult,NO,12,17,,Degraded forest+Pine forest,22/05/2021,May,2021,17:14:03,Basking,882,81,160,129,136,,,,,,,,,0,,,,,,,,,,,,,
306,R,M,Adult,NO,12,15,,Degraded forest,03/06/2021,June,2021,14:44:30,Feeding,872,81,160,129,136,,,,,,,,,0,,,,,,,,,,,,,
307,C,F,Immature,NO,,3,,Meadow,23/05/2021,May,2021,17:39:45,Burrowed,52,30,60,51,50,54,55,21,7,11,31,31,,0,,,,,,,,,,,,,
308,C,M,Immature,NO,,3,,Meadow,23/05/2021,May,2021,17:49:42,Burrowed,46,30,55,49,48,50,52,19,7,10,28,28,,0,,,,,,,,,,,,,
309,C,M,Immature,NO,,4,,Meadow,23/05/2021,May,2021,18:01:23,Burrowed,42,30,53,48,47,47,49,18,6,11,28,27,,0,,,,,,,,,,,,,
310,C,M,Adult,NO,,11,,Meadow,23/05/2021,May,2021,18:07:02,Moving,707,75,148,115,119,,,,,,,,,0,1&2R marginal slightly damaged. Mating with 11.,,,,,,,,,,,,
311,C,F,Adult,NO,,15-25,,Meadow,23/05/2021,May,2021,18:14:54,Moving,1436,95,192,149,154,,,,,,,,,0,,,,,,,,,,,,,
312,C,M,Immature,NO,,3,,Meadow,23/05/2021,May,2021,18:28:11,Burrowed,39,27,52,47,47,48,50,19,7,11,28,28,,0,,,,,,,,,,,,,
313,C,M,Immature,NO,,3,,Meadow,23/05/2021,May,2021,18:39:50,Burrowed,37,28,50,45,45,48,49,18,6,10,27,27,,0,,,,,,,,,,,,,
314,C,F,Adult,NO,12,14,,Road+Degraded forest,25/05/2021,May,2021,17:37:57,Moving,1125,85,175,132,137,,,,,,,,,0,,,,,,,,,,,,,
315,C,F,Adult,NO,12,19,,Degraded forest+Pine forest,25/05/2021,May,2021,17:49:04,Chasing,1415,94,183,137,143,,,,,,,,,0,Chased by 316.,,,,,,,,,,,,
316,C,M,Adult,NO,11,13,,Degraded forest+Pine forest,25/05/2021,May,2021,17:54:33,Chasing,857,80,158,122,127,,,,,,,,,0,Chasing 315.,,,,,,,,,,,,
317,C,M,Adult,NO,13,15,,Degraded forest+Pine forest,25/05/2021,May,2021,17:58:21,Resting in shade,1120,90,171,138,147,,,,,,,,,0,Nuchal & 1&2R marginals broken.,,,,,,,,,,,,
318,C,F,Adult,NO,12,15,,Degraded forest+Pine forest,25/05/2021,May,2021,18:02:37,Moving,1318,95,180,135,141,,,,,,,,,0,,,,,,,,,,,,,
319,C,F,Immature,NO,,7,,Degraded forest+Pine forest,25/05/2021,May,2021,18:05:53,Moving,460,64,122,99,98,,,,,,,,Vertebrals,0,2-5 vertebrals & 2-4R costal damaged. 8-11R marginals also damaged.,,,,,,,,,,,,
320,C,F,Adult,NO,,>25,,Degraded forest+Pine forest,25/05/2021,May,2021,18:12:17,Basking,1580,130,202,150,150,,,,,,,,,0,Yellow shell.,,,,,,,,,,,,
321,C,M,Immature,NO,,10,,Degraded forest+Pine forest,25/05/2021,May,2021,18:16:05,Resting in shade,482,71,127,102,107,,,,,,,,,0,Missing 2 nails from L hind leg.,,,,,,,,,,,,
322,C,F,Adult,NO,,15-25,,Meadow,26/05/2021,May,2021,08:53:38,Courting,1145,94,173,130,127,,,,,,,,,6,Courting with 323,,,,,,,,,,,,
323,C,M,Immature,NO,,8,,Meadow,26/05/2021,May,2021,09:03:38,Courting,492,70,127,104,105,,,,,,,,10 m R,0,"Courting with 322, Marked 200 at 10m R",,,,,,,,,,,,
324,C,M ,Immature,NO,,2,,Meadow,26/05/2021,May,2021,09:03:15,Basking,18,21,40,35,34,37,37,14,5,9,20,21,,0,,,,,,,,,,,,,
325,C,M,Adult,NO,,11,,Meadow,26/05/2021,May,2021,09:20:39,Moving,564,71,134,106,111,,,,,,,,,23,"2-5 vertebral, 2-4 costal demaged",,,,,,,,,,,,
326,C,F,Adult,NO,12,14,14,Meadow,26/05/2021,May,2021,09:30:53,Moving,1754,103,201,145,150,,,,,,,,,7,,,,,,,,,,,,,
326,R,F,Adult,NO,12,14,14,Degraded forest,22/06/2021,June,2021,09:45:27,Basking,1696,103,203,143,150,,,,,,,,,5,,,,,,,,,,,,,
327,C,F,Adult,NO,11,15,,Meadow,26/05/2021,May,2021,09:31:54,Basking,1317,93,183,133,134,,,,,,,,,0,,,,,,,,,,,,,
327,R,F,Adult,NO,14,18,,Meadow,21/06/2021,June,2021,10:15:12,Nesting,1257,93,184,133,135,,,,,,,,,0,supraclaudal ventral is chipped away,,,,,,,,,,,,
328,C,F,Adult,NO,14,19,,Meadow,26/05/2021,May,2021,09:39:43,Moving,1362,93,186,134,140,,,,,,,,,6,hole in supraclaudal ,,,,,,,,,,,,
329,C,F,Immature,NO,,5,,Meadow,26/05/2021,May,2021,10:00:20,Chasing,338,60,110,92,96,,,,,,,,,4,chasing 330,,,,,,,,,,,,
330,C,M,Adult,NO,14,19,,Meadow,26/05/2021,May,2021,09:59:47,Chasing,1385,98,185,143,153,,,,,,,,,7,"Chased by 329, 3 and 4 vertebrals asymmetrical",,,,,,,,,,,,
331,C,M,Adult,NO,13,16,16,Meadow,26/05/2021,May,2021,10:06:48,Resting in shade,1117,89,174,135,144,,,,,,,,,5,,,,,,,,,,,,,
331,R,M,Adult,NO,14,17,16,Meadow,21/06/2021,June,2021,09:59:40,Resting in shade,1150,89,175,136,144,,,,,,,,,8,,,,,,,,,,,,,
332,C,M,Adult,NO,,15-25,15-25,Meadow,26/05/2021,May,2021,10:14:16,Basking,1471,97,189,154,162,,,,,,,,,14,7 R marginal narrow,,,,,,,,,,,,
332,R,M,Adult,NO,,15-25,15-25,Degraded forest,21/06/2021,June,2021,12:33:07,Moving,1418,98,190,154,162,,,,,,,,,5,,,,,,,,,,,,,
333,C,F,Adult,NO,15,19,,Meadow,26/05/2021,May,2021,10:23:09,Basking,1410,95,190,133,140,,,,,,,,,5,Nuchal leaning towards right,,,,,,,,,,,,
334,C,F,Adult,NO,,"15-25, >25",,Meadow,26/05/2021,May,2021,10:24:20,Moving,1851,102,207,155,155,,,,,,,,,0,"10 R marginals, marked on 10R marginal like 200",,,,,,,,,,,,
334,R,F,Adult,NO,,15-25,,Meadow,21/06/2021,June,2021,10:11:27,Resting in shade,1823,104,208,153,154,,,,,,,,,10,"smooth shell, 10R marginals",,,,,,,,,,,,
335,C,M,Immature,NO,,8,,Degraded forest,26/05/2021,May,2021,10:50:15,Basking,392,64,118,95,96,,,,,,,,,1,,,,,,,,,,,,,
336,C,F,Immature,NO,,7,,Degraded forest,26/05/2021,May,2021,10:50:02,Basking,235,53,97,82,82,,,,,,,,,0,,,,,,,,,,,,,
337,C,M,Adult,NO,,15-25,,Degraded forest+Pine forest,26/05/2021,May,2021,11:24:24,Moving,1531,96,192,146,152,,,,,,,,,0,,,,,,,,,,,,,
337,R,M,Adult,NO,,15-25,,Degraded forest+Pine forest,22/06/2021,June,2021,12:28:30,Moving,1451,95,192,145,152,,,,,,,,,24,,,,,,,,,,,,,
338,C,F,Adult,NO,,"15-25, >25",,Degraded forest,26/05/2021,May,2021,11:25:35,Drinking,2552.2,119,225,172,176,,,,,,,,,0,"Smooth shell, half of marginals surface skin peeled off",,,,,,,,,,,,
339,C,M,Adult,NO,12,14,14,Degraded forest+Pine forest,26/05/2021,May,2021,11:32:47,Resting in shade,939,83,155,128,134,,,,,,,,,0,,,,,,,,,,,,,
339,R,M,Adult,NO,11,14,14,Degraded forest,21/06/2021,June,2021,12:39:31,Resting in shade,945,84,156,127,135,,,,,,,,,2,,,,,,,,,,,,,
340,C,M,Adult,NO,11,15,,Degraded forest+Pine forest,26/05/2021,May,2021,11:38:15,Moving,1198,88,174,141,150,,,,,,,,,0,,,,,,,,,,,,,
341,C,M,Adult,NO,13,17,,Road+Degraded forest,26/05/2021,May,2021,11:49:05,Feeding,1060,84,169,130,136,,,,,,,,,2,deformation between 3&4 vertebral and 2 coastal L,,,,,,,,,,,,
342,C,F,Adult,NO,12,15,,Degraded forest+Pine forest,26/05/2021,May,2021,11:52:20,Resting in shade,1777,107,201,152,158,,,,,,,,,0,hole appear on supraclaudal,,,,,,,,,,,,
343,C,F,Adult,NO,,15-25,15-25,Meadow,26/05/2021,May,2021,12:25:44,Moving,1684,106,198,147,151,,,,,,,,,5,,,,,,,,,,,,,
343,R,F,Adult,NO,,15-25,15-25,Opening,21/06/2021,June,2021,18:31:55,Moving,1710,106,196,146,150,,,,,,,,,0,,,,,,,,,,,,,
344,C,M,Adult,NO,,10,,Degraded forest,26/05/2021,May,2021,18:02:15,Moving,791,80,152,119,127,,,,,,,,,,,,,,,,,,,,,,
345,C,F,Adult,NO,,15-25,,Degraded forest,26/05/2021,May,2021,18:10:15,Moving,1999,102,202,159,162,,,,,,,,,0,smooth shell,,,,,,,,,,,,
345,R,F,Adult,NO,,>25,,Road,03/06/2021,June,2021,10:45:45,Moving,1920,104,203,158,162,,,,,,,,,0,,,,,,,,,,,,,
346,C,M,Adult,NO,12,14,,Degraded forest,26/05/2021,May,2021,18:15:34,Basking,779,77,154,121,126,,,,,,,,,0,,,,,,,,,,,,,
347,C,M,Adult,NO,12,13,,Degraded forest,26/05/2021,May,2021,18:23:36,Burrowed,992,83,167,132,138,,,,,,,,,0,,,,,,,,,,,,,
348,C,F,Adult,NO,,15-25,,Degraded forest,26/05/2021,May,2021,18:26:57,Resting in shade,1641,95,204,150,157,,,,,,,,,5,4-5 vertebral is asimetrical ,,,,,,,,,,,,
349,C,M,Adult,NO,13,15,,Degraded forest,26/05/2021,May,2021,18:32:01,Resting in shade,1188,90,180,135,146,,,,,,,,,2,,,,,,,,,,,,,
350,C,M,Adult,NO,14,18,,Meadow,28/05/2021,May,2021,19:05:31,Burrowed,939,82,159,130,135,,,,,,,,,0,,,,,,,,,,,,,
351,C,NA,Immature,NO,,4,,Meadow,28/05/2021,May,2021,19:27:23,Burrowed,34.4,28,50,45,43,45,45,17,6,11,27,27,,0,Last vertebral triangle-like,,,,,,,,,,,,
352,C,M,Immature,NO,,9,,Degraded forest,29/05/2021,May,2021,10:29:31,Resting in shade,504,69,127,100,101,,,,,,,,,0,5L costals.,,,,,,,,,,,,
353,C,M,Adult,NO,,10,,Degraded forest,29/05/2021,May,2021,10:34:10,Feeding,614,71,138,114,111,,,,,,,,,4,,,,,,,,,,,,,
354,C,M,Immature,NO,,"9, 10",,Degraded forest,29/05/2021,May,2021,10:54:59,Basking,327,60,113,88,86,,,,,,,,,21,,,,,,,,,,,,,
355,C,F,Adult,NO,,14,,Degraded forest,29/05/2021,May,2021,12:35:39,Basking,1424,96,191,138,143,,,,,,,,,0,,,,,,,,,,,,,
356,C,M,Immature,NO,,9,,Degraded forest,29/05/2021,May,2021,12:55:12,Feeding,428,67,122,98,99,,,,,,,,,0,,,,,,,,,,,,,
357,C,M,Adult,NO,12,17,,Degraded forest,29/05/2021,May,2021,12:03:42,Moving,903,80,158,121,131,,,,,,,,,11,1R & 9L marginals damaged.,,,,,,,,,,,,
358,C,M,Adult,NO,10,18,,Degraded forest,29/05/2021,May,2021,13:04:19,Resting in shade,1066,86,170,139,148,,,,,,,,,5,4 L&R costal merged w 5 vertebral. ,,,,,,,,,,,,
359,C,F,Adult,NO,,13,,Pine forest,29/05/2021,May,2021,15:49:03,Basking,927,82,153,118,122,,,,,,,,,0,,,,,,,,,,,,,
360,C,M,Adult,NO,,13,,Pine forest,29/05/2021,May,2021,16:09:39,Basking,800,81,152,116,124,,,,,,,,,9,,,,,,,,,,,,,
361,C,M,Adult,NO,12,12,,Degraded forest,29/05/2021,May,2021,16:33:45,Resting in shade,697,79,141,114,117,,,,,,,,,0,"First vertebral popping out, second 2mR mistakenly marked",,,,,,,,,,,,
362,C,M,Adult,NO,11,12,,Degraded forest,29/05/2021,May,2021,16:34:42,Resting in shade,585,71,134,106,107,,,,,,,,,3,4&5 vertebrals kind of asymmetric,,,,,,,,,,,,
363,C,F,Adult,NO,,15-25,,Degraded forest,03/06/2021,June,2021,11:29:04,Feeding,1702,98,197,147,149,,,,,,,,,0,big hole in carapace,,,,,,,,,,,,
364,C,F,Adult,NO,12,15,,Road,03/06/2021,June,2021,11:37:45,Resting in shade,1460,92,191,143,145,,,,,,,,,8,,,,,,,,,,,,,
365,C,F,Adult,NO,11,22,,Degraded forest,03/06/2021,June,2021,11:50:25,Moving,1545,97,196,137,144,,,,,,,,,12,,,,,,,,,,,,,
366,C,F,Adult,NO,,15-25,,Degraded forest,03/06/2021,June,2021,12:02:31,Moving,1493,96,201,142,148,,,,,,,,,20,yellow shell,,,,,,,,,,,,
367,C,F,Adult,NO,12,13,,Road,03/06/2021,June,2021,12:20:21,Moving,1379,97,185,137,139,,,,,,,,,0,"2, 3 L costal and 3, 4 vertebral demaged",,,,,,,,,,,,
368,C,F,Adult,NO,12,14,,Road,03/06/2021,June,2021,13:06:34,Feeding,1180,88,173,132,136,,,,,,,,,0,,,,,,,,,,,,,
369,C,M,Adult,NO,13,17,,Degraded forest,03/06/2021,June,2021,13:10:25,Moving,1059,90,167,137,144,,,,,,,,,0,,,,,,,,,,,,,
370,C,F,Adult,NO,0,15-25,,Road,03/06/2021,June,2021,13:48:40,Resting in shade,1733,100,205,150,157,,,,,,,,,7,"Hole in supraclaudal, 3 vertebral & 3R coastal damaged ",,,,,,,,,,,,
371,C,M,Adult,NO,13,18,18,Degraded forest,03/06/2021,June,2021,14:24:02,Basking,1144,86,175,137,142,,,,,,,,,68,9 and 10 left marginals damaged,,,,,,,,,,,,
371,R,M,Adult,NO,14,18,18,Degraded forest+Pine forest,22/06/2021,June,2021,12:30:50,Basking,1166,86,174,136,142,,,,,,,,,21,,,,,,,,,,,,,
372,C,F,Adult,NO,13,16,,Road,03/06/2021,June,2021,14:28:31,Resting in shade,1337,93,187,135,140,,,,,,,,,0,,,,,,,,,,,,,
373,C,M,Adult,NO,11,14,,Degraded forest,03/06/2021,June,2021,14:33:12,Feeding,927,84,163,124,133,,,,,,,,,5,"5th vertebral divided, the other vertebral asymmetrical ",,,,,,,,,,,,
374,C,M,Adult,NO,14,19,,Road+Degraded forest,03/06/2021,June,2021,14:45:17,Moving,1204,93,175,142,154,,,,,,,,,10,,,,,,,,,,,,,
375,C,NA,Immature,NO,,4,,Meadow,09/06/2021,June,2021,08:35:08,Basking,50.6,31,59,51,50,50,52,19,6,11,30,30,,0,,,,,,,,,,,,,
376,C,M,Immature,NO,,7,,Meadow,09/06/2021,June,2021,08:40:05,Basking,452,65,121,97,98,,,,,,,,,0,,,,,,,,,,,,,
377,C,M,Adult,NO,10,11,,Meadow,09/06/2021,June,2021,08:48:55,Basking,888,80,156,121,131,,,,,,,,,0,"1&2 R marginals, 9&10 L marginals, 4 L costal demaged ",,,,,,,,,,,,
378,C,F,Adult,NO,10,13,,Meadow,09/06/2021,June,2021,08:57:17,Basking,1693,96,203,149,153,,,,,,,,,0,,,,,,,,,,,,,
379,C,F,Adult,NO,11,13,,Meadow,09/06/2021,June,2021,09:09:17,Basking,1588,94,188,144,151,,,,,,,,,3,,,,,,,,,,,,,
380,C,M,Adult,NO,8,9,,Meadow,09/06/2021,June,2021,09:21:39,Basking,601,73,135,103,106,,,,,,,,,4,back left side of carapace demaged ,,,,,,,,,,,,
381,C,M,Immature,NO,,8,,Meadow,09/06/2021,June,2021,09:29:44,Basking,573,73,132,101,110,,,,,,,,,3,3&4 L costal and 4 vertebral carapace surface peeled off,,,,,,,,,,,,
382,C,M,Immature,NO,,10,,Meadow,09/06/2021,June,2021,09:34:16,Basking,375,62,114,93,93,,,,,,,,,3,4 & 5 vertebral asymmetrical ,,,,,,,,,,,,
383,C,NA,Immature,NO,,4,,Meadow,09/06/2021,June,2021,10:03:40,Basking,48.8,30,57,50,51,52,53,19,7,9,30,30,,0,,,,,,,,,,,,,
384,C,F,Adult,NO,13,14,,Meadow,09/06/2021,June,2021,10:18:46,Feeding,1359,93,183,132,137,,,,,,,,,1,2&3 vertebral merged together,,,,,,,,,,,,
385,C,M,Adult,NO,12,13,,Meadow,09/06/2021,June,2021,10:25:16,Basking,883,81,154,122,127,,,,,,,,,7,,,,,,,,,,,,,
386,C,M,Adult,NO,,15-25,15-25,Meadow,09/06/2021,June,2021,10:29:28,Basking,1647,98,198,150,163,,,,,,,,,0,smooth shell,,,,,,,,,,,,
386,R,M,Adult,NO,,15-25,15-25,Meadow,05/10/2021,October,2021,11:15:00,Basking,1639,99,193,153,166,,,,,,,,,0,,,,,,,,,,,,,
387,C,F,Adult,NO,12,14,,Meadow,09/06/2021,June,2021,10:32:29,Moving,1642,99,194,141,147,,,,,,,,,0,,,,,,,,,,,,,
388,C,F,Adult,NO,9,10,10,Meadow,10/06/2021,June,2021,08:25:54,Basking,418,64,115,89,91,,,,,,,,,5,,,,,,,,,,,,,
388,R,F,Adult,NO,,9,10,Meadow,07/09/2021,September,2021,08:25:38,Burrowed,462,66,119,94,95,,,,,,,,,0,,,,,,,,,,,,,
389,C,F,Adult,NO,12,17,17,Meadow,10/06/2021,June,2021,08:34:13,Basking,2701,113,239,165,181,,,,,,,,,0,,,,,,,,,,,,,
389,R,F,Adult,NO,13,18,17,Meadow,21/06/2021,June,2021,10:02:55,Resting in shade,2656,114,239,166,180,,,,,,,,,5,,,,,,,,,,,,,
390,C,F,Adult,NO,13,16,,Meadow,10/06/2021,June,2021,08:50:07,Basking,2436,109,215,167,173,,,,,,,,,0,,,,,,,,,,,,,
391,C,F,Adult,NO,14,19,,Meadow,10/06/2021,June,2021,09:14:32,Feeding,1942,106,205,152,162,,,,,,,,,2,9&10 L marginals demaged ,,,,,,,,,,,,
392,C,F,Adult,NO,,15-25,,Degraded forest,10/06/2021,June,2021,10:15:16,Basking,1782,106,213,154,160,,,,,,,,,0,,,,,,,,,,,,,
393,C,M,Adult,NO,,15-25,,Degraded forest,10/06/2021,June,2021,10:20:11,Basking,990,87,162,131,139,,,,,,,,Carapace,30,12 L marginals ,,,,,,,,,,,,
394,C,F,Adult,NO,12,13,,Degraded forest,10/06/2021,June,2021,10:27:37,Burrowed,540,70,130,99,103,,,,,,,,,2,interesting shapes on vertebral ,,,,,,,,,,,,
395,C,M,Immature,NO,,7,,Degraded forest,10/06/2021,June,2021,10:32:57,Burrowed,588,72,136,107,111,,,,,,,,,,,,,,,,,,,,,,
396,C,F,Adult,NO,,15-25,15-25,Degraded forest,10/06/2021,June,2021,10:38:23,Feeding,2047,112,215,160,169,,,,,,,,,10,vertebrals poking out,,,,,,,,,,,,
396,R,F,Adult,NO,,15-25,15-25,Degraded forest,24/09/2021,September,2021,14:48:10,Burrowed,2102,112,215,161,170,,,,,,,,,2,"vertebras pocking out,90th markings marginal brocken",,,,,,,,,,,,
397,C,M,Adult,NO,,15-25,,Degraded forest,10/06/2021,June,2021,10:44:45,Resting in shade,1022,87,163,132,136,,,,,,,,,0,,,,,,,,,,,,,
397,R,M,Adult,NO,10,17,,Degraded forest,22/06/2021,June,2021,09:42:25,Feeding,1005,86,164,132,135,,,,,,,,,30,,,,,,,,,,,,,
398,C,F,Immature,NO,,7,,Degraded forest,10/06/2021,June,2021,10:49:16,Basking,153,41,82,69,67,72,76,31,11,19,41,41,,0,,,,,,,,,,,,,
399,C,NA,Immature,NO,,4,,Meadow,10/06/2021,June,2021,10:55:53,Basking,46,32,60,49,48,50,51,18,7,11,29,30,,0,,,,,,,,,,,,,
400,C,NA,Immature,NO,,2,,Meadow,10/06/2021,June,2021,11:01:10,Basking,22.1,26,45,38,38,39,40,14.5,5,8,22,22,,0,Missing left hind leg,,,,,,,,,,,,
401,C,F,Adult,NO,11,12,,Degraded forest,10/06/2021,June,2021,12:03:21,Moving,1316,91,178,132,133,,,,,,,,,5,,,,,,,,,,,,,
402,C,F,Adult,NO,11,12,,Meadow+Degraded forest,10/06/2021,June,2021,12:08:14,Resting in shade,1217,90,172,134,134,,,,,,,,,19,yellow plastron ,,,,,,,,,,,,
403,C,F,Adult,NO,,15-25,,Meadow,21/06/2021,June,2021,08:12:43,Nesting,1886,102,202,154,160,,,,,,,,,1,"Yellow smooth shell, hole in 2 and 3 R Coastal",,,,,,,,,,,,
404,C,NA,Immature,NO,,4,,Meadow,21/06/2021,June,2021,08:32:28,Basking,58.6,33,62,53,52,55,57,21,7,11,32,31,,0,,,,,,,,,,,,,
405,C,F,Adult,NO,,15-25,,Meadow,21/06/2021,June,2021,08:34:18,Basking,2111,106,215,157,167,,,,,,,,"Supracaudal, Carapace",8,smooth yellow shell,,,,,,,,,,,,
406,C,M,Adult,NO,,15-25,,Meadow,21/06/2021,June,2021,08:36:49,Basking,1369,93,180,139,149,,,,,,,,,18,,,,,,,,,,,,,
407,C,F,Immature,NO,,6,,Meadow,21/06/2021,June,2021,08:40:33,Basking,246.3,54,96,83,81,85,89,31,13,19,47,47,,1,,,,,,,,,,,,,
408,C,F,Immature,NO,,6,,Meadow,21/06/2021,June,2021,08:40:51,Basking,268,55,99,81,83,87,93,32,11,22,48,47,,5,,,,,,,,,,,,,
409,C,NA,Immature,NO,,5,,Meadow,21/06/2021,June,2021,08:45:46,Basking,84.4,38,69,59,58,61,64,24,9,15,34,34,,10,,,,,,,,,,,,,
410,C,F,Immature,NO,,8,,Meadow,21/06/2021,June,2021,08:46:36,Basking,580,70,129,98,105,,,,,,,,,4,,,,,,,,,,,,,
411,C,F,Adult,NO,,15-25,,Meadow,21/06/2021,June,2021,08:51:23,Basking,1864,101,205,155,157,,,,,,,,Carapace,4,,,,,,,,,,,,,
412,C,F,Immature,NO,,8,,Meadow,21/06/2021,June,2021,08:51:34,Basking,415,62,117,91,93,,,,,,,,,6,,,,,,,,,,,,,
413,C,F,Adult,NO,11,13,,Meadow,21/06/2021,June,2021,09:12:42,Basking,990,84,157,126,135,,,,,,,,,10,,,,,,,,,,,,,
414,C,F,Immature,NO,,7,,Meadow,21/06/2021,June,2021,09:33:31,Basking in cloudy weather,290,55,103,85,85,89,95,34,12,23,49,48,,5,7R marginal narrow,,,,,,,,,,,,
415,C,M,Adult,NO,11,13,,Meadow,21/06/2021,June,2021,09:40:46,Feeding,981,84,164,133,139,,,,,,,,,10,,,,,,,,,,,,,
416,C,M,Adult,NO,13,17,,Meadow,21/06/2021,June,2021,09:45:03,Moving,957,81,163,124,133,,,,,,,,,4,,,,,,,,,,,,,
417,C,F,Adult,NO,,15-25,,Meadow,21/06/2021,June,2021,09:48:39,Resting in shade,1656,99,199,144,148,,,,,,,,,0,smooth shell,,,,,,,,,,,,
418,C,M,Adult,NO,12,13,,Meadow,21/06/2021,June,2021,09:51:53,Resting in shade,717,73,150,116,125,,,,,,,,,6,,,,,,,,,,,,,
419,C,F,Adult,NO,,15-25,,Meadow,21/06/2021,June,2021,09:55:40,Moving,1574,98,199,140,147,,,,,,,,,10,smooth shell,,,,,,,,,,,,
420,C,M,Adult,NO,9,10,,Road,21/06/2021,June,2021,10:59:41,Basking,702,76,146,115,118,,,,,,,,,7,,,,,,,,,,,,,
421,C,M,Adult,NO,10,11,,Road,21/06/2021,June,2021,11:17:27,Resting in shade,732,78,143,117,118,,,,,,,,,0,8th right marginal narrow,,,,,,,,,,,,
422,C,M,Immature,NO,,9,,Road,21/06/2021,June,2021,11:19:53,Resting in shade,645,72,140,111,119,,,,,,,,Plastron,,,,,,,,,,,,,,
423,C,M,Adult,NO,13,16,,Road,21/06/2021,June,2021,11:23:47,Basking,883,81,158,122,129,,,,,,,,,6,,,,,,,,,,,,,
424,C,M,Adult,NO,10,13,,Road,21/06/2021,June,2021,11:32:50,Moving,824,79,155,120,125,,,,,,,,"Carapace, Plastron",0,After release - courting (chasing) 425 female.,,,,,,,,,,,,
425,C,F,Adult,NO,,15-25,,Road,21/06/2021,June,2021,11:40:29,Moving,1818,101,209,149,156,,,,,,,,,0,"Hole in supracaudal, after release - chased (courting) by 424 male.",,,,,,,,,,,,
426,C,M,Adult,NO,13,18,,Road,21/06/2021,June,2021,12:14:31,Feeding,1321,89,180,140,152,,,,,,,,,30,,,,,,,,,,,,,
427,C,F,Adult,NO,12,14,,Degraded forest,21/06/2021,June,2021,12:13:24,Moving,1526,97,197,142,142,,,,,,,,,28,Hole in supracaudal,,,,,,,,,,,,
428,C,M,Immature,NO,,10,,Meadow,21/06/2021,June,2021,12:21:09,Moving,396,64,118,92,93,,,,,,,,,19,,,,,,,,,,,,,
429,C,F,Adult,NO,11,12,,Degraded forest,21/06/2021,June,2021,12:25:45,Moving,1275,96,175,135,134,,,,,,,,,20,,,,,,,,,,,,,
430,C,F,Adult,NO,,15-25,,Degraded forest,21/06/2021,June,2021,12:29:28,Resting in shade,1293,95,184,137,146,,,,,,,,,0,,,,,,,,,,,,,
431,C,F,Adult,NO,12,13,,Road,21/06/2021,June,2021,13:06:01,Feeding,1350,91,184,134,141,,,,,,,,,0,,,,,,,,,,,,,
432,C,F,Adult,NO,10,11,,Road,21/06/2021,June,2021,13:14:46,Drinking,1307,89,180,134,136,,,,,,,,,0,,,,,,,,,,,,,
433,C,M,Adult,NO,10,11,,Road,21/06/2021,June,2021,13:25:53,Resting in shade,584,73,129,105,110,,,,,,,,,0,,,,,,,,,,,,,
434,C,F,Adult,NO,9,10,,Degraded forest,21/06/2021,June,2021,18:53:53,Moving,891,79,154,121,125,,,,,,,,,12,Yellowish plastron. Beautiful specimen.,,,,,,,,,,,,
435,C,F,Adult,NO,8,9,,Degraded forest,22/06/2021,June,2021,08:53:11,Basking,1433,97,181,136,138,,,,,,,,,,,,,,,,,,,,,,
436,C,F,Adult,NO,,15-25,,Degraded forest,22/06/2021,June,2021,09:03:19,Basking,1912,106,200,148,155,,,,,,,,,0,yellow smooth shell. Nuchal shorter than 1sr marginal,,,,,,,,,,,,
437,C,F,Adult,NO,,11,,Degraded forest,22/06/2021,June,2021,09:10:07,Resting in shade,1245,92,176,126,132,,,,,,,,,0,,,,,,,,,,,,,
438,C,M,Adult,NO,9,14,,Degraded forest,22/06/2021,June,2021,09:17:43,Basking,981,82,162,129,136,,,,,,,,,20,,,,,,,,,,,,,
439,C,F,Adult,NO,,15-25,,Degraded forest,22/06/2021,June,2021,09:23:06,Basking,1892,105,203,153,159,,,,,,,,,4,"smooth yellow shell, 4 big ticks",,,,,,,,,,,,
440,C,F,Adult,NO,10,11,,Degraded forest,22/06/2021,June,2021,09:26:43,Basking,1354,94,181,136,140,,,,,,,,,40,,,,,,,,,,,,,
441,C,M,Adult,NO,11,19,,Degraded forest,22/06/2021,June,2021,09:31:56,Moving,1095,86,173,133,139,,,,,,,,,10,Nuchal shorter than 1st marginals,,,,,,,,,,,,
442,C,M,Adult,NO,10,14,14,Degraded forest,22/06/2021,June,2021,09:35:52,Basking,1144,89,173,139,150,,,,,,,,,,,,,,,,,,,,,,
442,R,M,Adult,NO,10,14,14,Degraded forest,24/09/2021,September,2021,14:42:04,Feeding,1049,89,173,139,150,,,,,,,,,14,,,,,,,,,,,,,
443,C,M,Adult,NO,12,14,,Degraded forest,22/06/2021,June,2021,11:29:58,Basking,1040,83,168,128,135,,,,,,,,,20,4th Coastal R divided,,,,,,,,,,,,
444,C,F,Immature,NO,,6,,Degraded forest+Pine forest,22/06/2021,June,2021,12:12:41,Moving,149,44,83,71,70,74,78,29,11,17,42,41,,1,,,,,,,,,,,,,
445,C,M,Adult,NO,-3,"13, 14",,Degraded forest,22/06/2021,June,2021,12:18:59,Moving,434,80,147,117,124,,,,,,,,,15,,,,,,,,,,,,,
446,C,M,Adult,NO,11,12,,Degraded forest,22/06/2021,June,2021,12:14:57,Moving,528,68,139,113,117,,,,,,,,,21,,,,,,,,,,,,,
447,C,F,Adult,NO,,16,,Degraded forest+Pine forest,22/06/2021,June,2021,12:35:44,Basking,1349,99,193,136,147,,,,,,,,,21,,,,,,,,,,,,,
448,C,M,Immature,NO,,8,,Meadow,23/06/2021,June,2021,08:01:13,Basking,690,75,144,111,119,,,,,,,,,0,,,,,,,,,,,,,
449,C,F,Adult,NO,12,16,,Meadow,23/06/2021,June,2021,08:04:02,Basking,1481,98,187,138,146,,,,,,,,,30,,,,,,,,,,,,,
450,C,M,Adult,NO,11,12,,Meadow,23/06/2021,June,2021,09:06:48,Moving,714,79,142,115,116,,,,,,,,,20,,,,,,,,,,,,,
451,C,M,Adult,NO,11,13,,Meadow,23/06/2021,June,2021,09:15:28,Moving,928,82,158,121,130,,,,,,,,,25,,,,,,,,,,,,,
452,C,F,Immature,NO,,6,,Meadow,23/06/2021,June,2021,10:01:23,Moving,159,47,85,69,70,76,80,28,11,18,43,42,,4,,,,,,,,,,,,,
453,C,M,Adult,NO,,11,,Meadow,23/06/2021,June,2021,10:12:13,Resting in shade,625,72,143,107,115,,,,,,,,,0,first and second vertebral asymmetric ,,,,,,,,,,,,
454,C,M,Immature,NO,,"8, 9",,Degraded forest,23/06/2021,June,2021,10:37:26,Basking,230,54,87,79,78,86,92,30,10,24,45,46,,13,"very big 1 vertebral, narrow 2 vertebral",,,,,,,,,,,,
455,C,M,Adult,NO,9,10,,Degraded forest,23/06/2021,June,2021,11:25:20,Resting in shade,,73,141,107,111,,,,,,,,,40,,,,,,,,,,,,,
456,C,F,Immature,NO,,10,,Degraded forest,23/06/2021,June,2021,11:30:46,Burrowed,489,69,121,98,100,,,,,,,,"Carapace, Plastron",0,yellow plastron and yellowish shell,,,,,,,,,,,,
457,C,M,Adult,NO,11,15,,Degraded forest,23/06/2021,June,2021,11:38:41,Burrowed,918,88,158,119,130,,,,,,,,,24,second vertebral M form,,,,,,,,,,,,
458,C,M,Adult,NO,,11,,Degraded forest,23/06/2021,June,2021,11:44:31,Feeding,745,76,153,115,126,,,,,,,,,2,third vertebral kind of asymmetrical ,,,,,,,,,,,,
459,C,F,Immature,NO,,8,,Meadow,24/06/2021,June,2021,07:53:28,Feeding,,51,64,79,78,,,,,,,,,15,,,,,,,,,,,,,
460,C,M,Adult,NO,12,20,,Meadow,24/06/2021,June,2021,08:00:03,Resting in shade,1057,85,168,134,140,,,,,,,,,15,,,,,,,,,,,,,
461,C,F,Adult,NO,,15-25,,Meadow,24/06/2021,June,2021,08:05:30,Moving,1773,99,199,151,157,,,,,,,,"Marginals, Plastron",0,smooth shell.,,,,,,,,,,,,
462,C,M,Immature,NO,,"10, 11",,Meadow,24/06/2021,June,2021,08:09:24,Feeding,466,65,124,95,101,,,,,,,,,2,,,,,,,,,,,,,
463,C,F,Adult,NO,,15-25,,Degraded forest,24/06/2021,June,2021,09:04:00,Moving,1856,100,198,155,157,,,,,,,,,40,Yellowish smooth shell,,,,,,,,,,,,
464,C,M,Adult,NO,,15-25,,Meadow,24/06/2021,June,2021,08:16:22,Resting in shade,970,83,178,131,142,,,,,,,,"Marginals, Plastron, Front leg(s) ",2,R front leg 3rd nail missing.,,,,,,,,,,,,
465,C,M,Adult,NO,10,12,,Meadow,24/06/2021,June,2021,09:06:47,Moving,761,72,151,118,123,,,,,,,,Carapace,10,,,,,,,,,,,,,
466,C,F,Adult,YES,,15-25,15-25,Degraded forest,24/06/2021,June,2021,09:39:50,Moving,815,78,151,116,125,,,,,,,,Carapace,46,Small supracaudal; hermaphrodite?,,,,,,,,,,,,
466,R,M,Adult,YES,,15-25,15-25,Degraded forest,20/08/2021,August,2021,10:41:43,Moving,759,78,151,117,126,,,,,,,,Carapace,5,hermaphrodite?,,,,,,,,,,,,
466,R,M,Adult,YES,,15-25,15-25,Degraded forest,30/08/2021,August,2021,09:29:51,Moving,742,,151,119,126,,,,,,,,Carapace,36,Asymmetrical supraclaudal; hermaphrodite?,,,,,,,,,,,,
467,C,NA,Immature,YES,,4,,Road,24/06/2021,June,2021,10:05:38,Resting in shade,49.3,32,56,52,51,51,52,19,6,12,30,29,,15,doubled no.,,,,,,,,,,,,
467,C,M,Adult,YES,12,14,,Meadow,30/08/2021,August,2021,10:36:40,Moving,812,78,161,122,128,,,,,,,,"Marginals, Costals, Vertebrals, Supracaudal, Carapace",0,doubled no.,,,,,,,,,,,,
468A,C,F,Adult,YES,12,19,,Degraded forest,24/06/2021,June,2021,10:29:14,Feeding,1651,99,194,145,151,,,,,,,,,25,4th vertebral asymmetrical; doubled no.,,,,,,,,,,,,
468B,C,M,Adult,YES,,15-25,,Degraded forest,30/08/2021,August,2021,10:55:06,Basking,885,82,162,132,135,,,,,,,,,0,Vertebral asymmetric; doubled no.,,,,,,,,,,,,
469,C,M,Adult,NO,13,15,,Meadow,30/08/2021,August,2021,11:00:50,Resting in shade,1190,90,178,140,147,,,,,,,,,11,,,,,,,,,,,,,
470,C,NA,Immature,NO,,4,4,Meadow,07/09/2021,September,2021,08:15:28,Burrowed,81,35,65,59,58,58,60,20,8,15,34,34,,0,,,,,,,,,,,,,
470,R,NA,Immature,NO,,4,4,Meadow,24/09/2021,September,2021,14:21:44,Resting in shade,78,35,65,59,58,58,60,20,8,15,34,34,,0,,,,,,,,,,,,,
471,C,NA,Immature,NO,,"3, 4",,Meadow,07/09/2021,September,2021,10:01:34,Basking,57,34,60,53,50,54,55,23,5,12,32,32,,0,,,,,,,,,,,,,
472,C,NA,Immature,NO,,1,,Meadow,07/09/2021,September,2021,10:10:22,Moving,11,20,35,31,29,31,32,12,4,7,16,17,,0,Newborn (born this season).,,,,,,,,,,,,
473,C,F,Immature,NO,,5,,Meadow,07/09/2021,September,2021,10:59:41,Basking,150,47,85,67,66,74,78,27,11,17,42,41,,0,,,,,,,,,,,,,
474,C,M,Adult,NO,,11,,Meadow,07/09/2021,September,2021,11:03:38,Resting in shade,655,78,143,113,120,,,,,,,,,0,,,,,,,,,,,,,
475,C,M,Immature,NO,,9,,Meadow,07/09/2021,September,2021,11:07:42,Resting in shade,623,74,140,108,115,,,,,,,,,0,,,,,,,,,,,,,
476,C,F,Adult,NO,,>25,,Meadow,07/09/2021,September,2021,11:10:30,Moving,1897,110,214,155,158,,,,,,,,,1,eroded carapace,,,,,,,,,,,,
477,C,F,Immature,NO,,6,,Degraded forest,14/09/2021,September,2021,11:50:49,Dead,90,45,84,66,66,,,,,,,,,0,Found freshly dead (unmarked),,,,,,,,,,,,
478,C,F,Adult,NO,,16,,Degraded forest,14/09/2021,September,2021,12:28:22,Moving,944,81,168,123,133,,,,,,,,,2,,,,,,,,,,,,,
479,C,M,Adult,NO,10,12,,Degraded forest,14/09/2021,September,2021,12:32:41,Resting in shade,703,77,151,120,125,,,,,,,,,5,4th vertebral divided ,,,,,,,,,,,,
480,C,NA,Immature,NO,,4,,Degraded forest,24/09/2021,September,2021,16:26:35,Resting in shade,56,34,62,51,49,54,56,21,8,11,31,31,,0,,,,,,,,,,,,,
481,C,NA,Immature,NO,,4,,Degraded forest,26/09/2021,September,2021,10:51:41,Moving,50,30,58,50,49,53,55,20,6,12,31,31,,0,,,,,,,,,,,,,
482,C,M,Adult,NO,0,15-25,,Pine forest,26/09/2021,September,2021,11:40:43,Resting in shade,989,84,161,126,138,,,,,,,,Carapace,0,,,,,,,,,,,,,
483,C,M,Adult,NO,3,13,,Degraded forest+Pine forest,26/09/2021,September,2021,12:45:37,Basking,980,85,174,130,140,,,,,,,,,0,"wierd shape 4th R costal, square shape",,,,,,,,,,,,
484,C,F,Adult,NO,11,12,,Road,26/09/2021,September,2021,13:06:49,Basking,1384,96,183,142,148,,,,,,,,,0,"beautiful specimen, 3th and 4th vertebral asymetricall",,,,,,,,,,,,
485,C,M,Adult,NO,0,15-25,,Road,27/09/2021,September,2021,11:19:37,Basking,1101,91,178,140,146,,,,,,,,,9,Yellowish shell,,,,,,,,,,,,
486,C,M,Immature,NO,,11,,Road+Degraded forest,27/09/2021,September,2021,12:07:42,Moving,513,72,129,104,111,,,,,,,,,0,hole between tail and supraclaudal,,,,,,,,,,,,
487,C,M,Adult,NO,,11,,Degraded forest+Pine forest,27/09/2021,September,2021,12:54:59,Moving,712,73,146,116,123,,,,,,,,,2,,,,,,,,,,,,,
488,C,F,Adult,NO,12,14,,Degraded forest+Pine forest,27/09/2021,September,2021,13:00:02,Resting in shade,1164,87,173,134,139,,,,,,,,,0,Scars on coastal scutes,,,,,,,,,,,,
489,C,M,Immature,NO,,11,,Degraded forest+Pine forest,27/09/2021,September,2021,13:35:05,Basking,481,66,126,102,105,,,,,,,,,2,last two vertebrals looks like hourglass ,,,,,,,,,,,,
490,C,NA,Immature,NO,,4,,Meadow,05/10/2021,October,2021,11:28:52,Basking,62,35,61,52,52,55,56,21,6,12,31,31,,0,Divided nuchal,,,,,,,,,,,,
925,C,F,Immature,NO,,8,,Meadow,26/05/2021,May,2021,09:10:44,Moving,495,70,123,101,103,,,,,,,,,19,,,,,,,,,,,,,
980,C,M,Adult,NO,,12,,Meadow,09/06/2021,June,2021,09:14:20,Basking,578,72,133,103,106,,,,,,,,,10,,,,,,,,,,,,,
144A,C,F,Adult,NO,12,15-25,,Degraded forest,30/04/2021,April,2021,13:16:58,Courting,1680,104,200,155,160,,,,,,,,,2,2R marginal damaged,,,,,,,,,,,,
144B,C,F,Immature,NO,,8,,Meadow,26/05/2021,May,2021,12:32:42,Moving,572,73,135,103,102,,,,,,,,,5,back of carapace destroyed ,,,,,,,,,,,,
23A,C,F,Immature,NO,7,,,NA,24/05/2019,May,2019,10:00-10:30,NA,216,52,96,76,75,,,,,,,,,,,,,,,,,,,,,,
23B,C,F,Adult,NO,10,14.-15.,,Pine forest,08/08/2019,August,2019,08:16,NA,787,79,153,123,125,,,,,,,,,2,,,,,,,,,,,,,
283A,C,M,Adult,NO,,15-25,,Degraded forest,17/05/2021,May,2021,14:28:30,Moving,940,83,166,129,137,,,,,,,,,0,,,,,,,,,,,,,
283B,C,M,Adult,NO,,15-25,,Degraded forest,24/06/2021,June,2021,10:50:27,Feeding,1256,90,177,142,152,,,,,,,,Marginals,40,10th R marginal damaged,,,,,,,,,,,,
61A,C,M,Adult,NO,,,,NA,24/05/2019,May,2019,13:30-14:00,,1295,90,186,138,151,,,,,,,,damaged plastron,,,,,,,,,,,,,,
61B,C,M,Adult,NO,,14,,Degraded forest,01/05/2021,May,2021,12:36:38,Moving,988,80,155,133,131,,,,,,,,,0,"3 cuts for every markation, back of carapace missing. 8L&R to 11 and supracaudal missing.",,,,,,,,,,,,
Dead Newborn,C,NA,Immature,NO,,1,1,Degraded forest,01/05/2021,May,2021,15:45:47,Resting in shade,8.9,19,37,33,33,34,35,11,4,7,17,19,,0,Dead,,,,,,,,,,,,